policy_id,risk_score
POL-015001,0.23009051508400558
POL-015002,0.2501466489612988
POL-015003,0.15444934889080547
POL-015004,0.13638843647746351
POL-015005,0.16794997280148222
POL-015006,0.1501372290296869
POL-015007,0.12900960478261075
POL-015008,0.11777401951799729
POL-015009,0.14131633012398015
POL-015010,0.0909889383383892
POL-015011,0.2914453783957526
POL-015012,0.14756526398539857
POL-015013,0.22502940425765527
POL-015014,0.13075185149780677
POL-015015,0.21917030860202313
POL-015016,0.14886747316091514
POL-015017,0.1570373733547763
POL-015018,0.15303571082178022
POL-015019,0.1384890596759126
POL-015020,0.18314180831088894
POL-015021,0.2095272101366593
POL-015022,0.16169728889311133
POL-015023,0.26092580131346843
POL-015024,0.29117035156141785
POL-015025,0.10931855511261032
POL-015026,0.04682019242528303
POL-015027,0.14772467665636338
POL-015028,0.06887681645010083
POL-015029,0.10624739387263815
POL-015030,0.08237416438220266
POL-015031,0.16878570750862915
POL-015032,0.14424405421122927
POL-015033,0.22861369145974364
POL-015034,0.11144505545508535
POL-015035,0.15599473339916312
POL-015036,0.04591274717913738
POL-015037,0.11915135323329548
POL-015038,0.15437155223415866
POL-015039,0.09848577095240132
POL-015040,0.08848391481737547
POL-015041,0.07866470461326004
POL-015042,0.16113426017999669
POL-015043,0.060928002170592355
POL-015044,0.06783437089992181
POL-015045,0.08885141316431844
POL-015046,0.11830360834258875
POL-015047,0.14723633571019806
POL-015048,0.0840942724520929
POL-015049,0.12806040163560034
POL-015050,0.15020056231396262
POL-015051,0.19854644569404817
POL-015052,0.16142112464539188
POL-015053,0.06787563365050062
POL-015054,0.2281301773283607
POL-015055,0.1308644396958551
POL-015056,0.16093469081211348
POL-015057,0.17727545979048126
POL-015058,0.13251867287269023
POL-015059,0.09144622134373373
POL-015060,0.1703865276033419
POL-015061,0.16065093555329982
POL-015062,0.18613780763084867
POL-015063,0.1493779282417392
POL-015064,0.11415275486557871
POL-015065,0.2582873283035039
POL-015066,0.11852069629123893
POL-015067,0.08417099140709675
POL-015068,0.1864905888666872
POL-015069,0.1609984233778777
POL-015070,0.09221980116965148
POL-015071,0.058540797787475396
POL-015072,0.15287202364870206
POL-015073,0.1853118719009826
POL-015074,0.22575559926384625
POL-015075,0.11866976180635291
POL-015076,0.233094416003917
POL-015077,0.13098967379432216
POL-015078,0.13591831231386026
POL-015079,0.057673942472683
POL-015080,0.13893430010505597
POL-015081,0.29684123959636344
POL-015082,0.1449979195261406
POL-015083,0.12168444814472265
POL-015084,0.17780142364989301
POL-015085,0.2682676220756668
POL-015086,0.1382157019306637
POL-015087,0.16889123775422443
POL-015088,0.07778899355621408
POL-015089,0.1538176105607149
POL-015090,0.3038762268031225
POL-015091,0.18905477318432107
POL-015092,0.2395078608207029
POL-015093,0.11022854612188271
POL-015094,0.16151366965581596
POL-015095,0.32192205965880244
POL-015096,0.08613288719458075
POL-015097,0.12767416027036516
POL-015098,0.1534605018609664
POL-015099,0.10688422775089734
POL-015100,0.1671672865671049
POL-015101,0.1245236993954397
POL-015102,0.20112154062445634
POL-015103,0.10157502864920347
POL-015104,0.22731044616894067
POL-015105,0.07544873329228194
POL-015106,0.16345789976746886
POL-015107,0.10957636770726953
POL-015108,0.21986566171252112
POL-015109,0.18938398476671198
POL-015110,0.11653833151279218
POL-015111,0.19353592931757524
POL-015112,0.1547605695894492
POL-015113,0.2110909184668292
POL-015114,0.12950984265670556
POL-015115,0.17066368450199723
POL-015116,0.1827409408582918
POL-015117,0.19185417759796325
POL-015118,0.14357807183503773
POL-015119,0.18993386627042372
POL-015120,0.06944147577280269
POL-015121,0.17389276312324414
POL-015122,0.19625296503831355
POL-015123,0.17809801744320616
POL-015124,0.1713011811571461
POL-015125,0.23115701398302274
POL-015126,0.28264780692130526
POL-015127,0.08622654673384023
POL-015128,0.11933408561446934
POL-015129,0.25264893603347005
POL-015130,0.20866923951897567
POL-015131,0.25014239331149934
POL-015132,0.10915447817917896
POL-015133,0.15785344717010327
POL-015134,0.19334871923092667
POL-015135,0.1693516735127341
POL-015136,0.20895610178323878
POL-015137,0.16626206603704993
POL-015138,0.08880342954409891
POL-015139,0.07107234748051885
POL-015140,0.21102997473771704
POL-015141,0.19297942663076367
POL-015142,0.08224065302770103
POL-015143,0.1451061016623562
POL-015144,0.2019799992939904
POL-015145,0.039919588263491006
POL-015146,0.0872347409953275
POL-015147,0.174927378813663
POL-015148,0.09151861271815995
POL-015149,0.14605035781997258
POL-015150,0.12533577010807964
POL-015151,0.19695391023122716
POL-015152,0.3516201977478626
POL-015153,0.10737391104428137
POL-015154,0.0572697992805399
POL-015155,0.19199329788805625
POL-015156,0.1353735118396172
POL-015157,0.12182631902294874
POL-015158,0.15071418135350423
POL-015159,0.0905251126069834
POL-015160,0.08458375811307874
POL-015161,0.1663783505581455
POL-015162,0.1349036569488845
POL-015163,0.09458471811450223
POL-015164,0.09900858067910286
POL-015165,0.2079189535616049
POL-015166,0.07674789235701421
POL-015167,0.1594107715948025
POL-015168,0.3053099585540599
POL-015169,0.1998192423475299
POL-015170,0.13887994537898893
POL-015171,0.19119897735597924
POL-015172,0.09845919082881531
POL-015173,0.1384876184468257
POL-015174,0.06543866306070203
POL-015175,0.2938090432484003
POL-015176,0.18100301520735737
POL-015177,0.20941724973371773
POL-015178,0.05313991309005415
POL-015179,0.1426980340276852
POL-015180,0.1096787868633355
POL-015181,0.29711151582928086
POL-015182,0.13785631239916474
POL-015183,0.19584157904441996
POL-015184,0.09289175181982896
POL-015185,0.15506766231723287
POL-015186,0.1479190114365025
POL-015187,0.06554049495664321
POL-015188,0.18725434972481164
POL-015189,0.10121622833705246
POL-015190,0.10669367742749743
POL-015191,0.14894728468619295
POL-015192,0.3557157353158267
POL-015193,0.11639440542152006
POL-015194,0.09125912043507504
POL-015195,0.09997560948980964
POL-015196,0.12238249180518875
POL-015197,0.1031768958630361
POL-015198,0.15776956299584982
POL-015199,0.3865754447513759
POL-015200,0.12947160561393942
POL-015201,0.24936340243745175
POL-015202,0.15826494009248868
POL-015203,0.12607148912110894
POL-015204,0.05724863892747758
POL-015205,0.1646344041346794
POL-015206,0.08216655673722059
POL-015207,0.06896449264230962
POL-015208,0.24522198589095248
POL-015209,0.1635125079722348
POL-015210,0.33733723907754276
POL-015211,0.20146115289577202
POL-015212,0.31226889970594646
POL-015213,0.04834566970803929
POL-015214,0.2561378325861817
POL-015215,0.25072736580405647
POL-015216,0.12242235165202461
POL-015217,0.05876243118809059
POL-015218,0.15044723201379034
POL-015219,0.1749242286994928
POL-015220,0.0919155981278121
POL-015221,0.158283111015019
POL-015222,0.15545313081043882
POL-015223,0.15074919005480236
POL-015224,0.2885968286988235
POL-015225,0.38087253632943985
POL-015226,0.11237931489486046
POL-015227,0.13192723191618172
POL-015228,0.2675857172475118
POL-015229,0.12754868421506002
POL-015230,0.11237689942976256
POL-015231,0.1581958767913729
POL-015232,0.18629906482841893
POL-015233,0.2813237999866134
POL-015234,0.15159329320919063
POL-015235,0.17356738562546384
POL-015236,0.19759314045556642
POL-015237,0.10325285013226013
POL-015238,0.13202627943966352
POL-015239,0.23132970256901036
POL-015240,0.16629038939890264
POL-015241,0.1746679773853843
POL-015242,0.1626242686080829
POL-015243,0.17983053147408018
POL-015244,0.1305551957617105
POL-015245,0.08703260454650907
POL-015246,0.1993913205716413
POL-015247,0.3707671661425763
POL-015248,0.2098610398814642
POL-015249,0.14121142895263084
POL-015250,0.14736575149803266
POL-015251,0.12918816782232295
POL-015252,0.2074847482783455
POL-015253,0.1656524873225941
POL-015254,0.3523022663787232
POL-015255,0.2265434378838858
POL-015256,0.21444628767249702
POL-015257,0.1497325982431324
POL-015258,0.2929377896589232
POL-015259,0.23951773040312654
POL-015260,0.14714020587574092
POL-015261,0.17759457350904378
POL-015262,0.22450137027773734
POL-015263,0.3021363139986012
POL-015264,0.29595355592570993
POL-015265,0.20355955151440389
POL-015266,0.06120269183019085
POL-015267,0.0871745048221472
POL-015268,0.18483053553143308
POL-015269,0.17162493654886862
POL-015270,0.13561122977438628
POL-015271,0.07293604421182005
POL-015272,0.31798031775360347
POL-015273,0.1769686832060704
POL-015274,0.11750068197805749
POL-015275,0.24940168116722172
POL-015276,0.17365321478539553
POL-015277,0.1764473060380086
POL-015278,0.17064984216643794
POL-015279,0.05821130066869751
POL-015280,0.1418012915639273
POL-015281,0.16192959148248134
POL-015282,0.13414709621225415
POL-015283,0.13777262485384617
POL-015284,0.10982516030870795
POL-015285,0.10611433367515274
POL-015286,0.12583094868882183
POL-015287,0.07458707707509225
POL-015288,0.15542563441257157
POL-015289,0.3659026704572831
POL-015290,0.05673369382294803
POL-015291,0.09912833654082852
POL-015292,0.23035133917978928
POL-015293,0.24056693974907098
POL-015294,0.11154807030386567
POL-015295,0.1138895252431303
POL-015296,0.08019680321759329
POL-015297,0.06146035690825431
POL-015298,0.20019466159959504
POL-015299,0.111582195242759
POL-015300,0.2796779503413253
POL-015301,0.21004653495038145
POL-015302,0.10585767925927661
POL-015303,0.15489037636137157
POL-015304,0.1612550340747509
POL-015305,0.07479140348271221
POL-015306,0.2227821390544101
POL-015307,0.11560654724682498
POL-015308,0.13074517297236585
POL-015309,0.11519551343909089
POL-015310,0.112033443260439
POL-015311,0.0921539230459627
POL-015312,0.12926317084496694
POL-015313,0.21521101606409862
POL-015314,0.09300108608861132
POL-015315,0.04888071920033229
POL-015316,0.17627710340657216
POL-015317,0.14093143217392226
POL-015318,0.13926720176513266
POL-015319,0.07596345964073946
POL-015320,0.22599819941292104
POL-015321,0.0928540959228486
POL-015322,0.2556852750259029
POL-015323,0.11146526072883478
POL-015324,0.11720100217420146
POL-015325,0.220789576375354
POL-015326,0.16158095480771756
POL-015327,0.15835657690827037
POL-015328,0.30690352507852237
POL-015329,0.08785057691116135
POL-015330,0.08429895449335799
POL-015331,0.3243058180189783
POL-015332,0.1305346046524168
POL-015333,0.056323347311133
POL-015334,0.16516956621477644
POL-015335,0.18199362899367882
POL-015336,0.11197540196110531
POL-015337,0.06728037841761511
POL-015338,0.3005620491572028
POL-015339,0.11521599764467086
POL-015340,0.13961460718885338
POL-015341,0.18753441267978152
POL-015342,0.17297978874125552
POL-015343,0.08110811265936893
POL-015344,0.12798942581707493
POL-015345,0.09767428525204147
POL-015346,0.3029711810876034
POL-015347,0.18399845868440476
POL-015348,0.1740471409815631
POL-015349,0.28818786269821217
POL-015350,0.09845285915715125
POL-015351,0.3039286341027201
POL-015352,0.28124096587444336
POL-015353,0.0648451918462424
POL-015354,0.102365407055294
POL-015355,0.07138942627763087
POL-015356,0.03257448599504862
POL-015357,0.23296891610655485
POL-015358,0.08847749372176658
POL-015359,0.14477666799575792
POL-015360,0.2337602666573983
POL-015361,0.07804818093885806
POL-015362,0.1799581422625097
POL-015363,0.2813553513099015
POL-015364,0.07788485590905984
POL-015365,0.5965216452346619
POL-015366,0.3472139347966431
POL-015367,0.1490529275485406
POL-015368,0.23815250502713153
POL-015369,0.08448489951730134
POL-015370,0.11628434451713769
POL-015371,0.3956096800369853
POL-015372,0.10572139317108502
POL-015373,0.19363178001562875
POL-015374,0.1062946710771483
POL-015375,0.11022571737684524
POL-015376,0.06575569222733499
POL-015377,0.07383616898907543
POL-015378,0.08676039299722864
POL-015379,0.12425008051429018
POL-015380,0.258878541764831
POL-015381,0.16570319580393952
POL-015382,0.181978121133628
POL-015383,0.2059345359017472
POL-015384,0.10230331235708952
POL-015385,0.08878905277708227
POL-015386,0.2333111464877271
POL-015387,0.10091260925322998
POL-015388,0.24161533801910168
POL-015389,0.2969854030990506
POL-015390,0.06969058100910294
POL-015391,0.1575591877270134
POL-015392,0.29344603918247725
POL-015393,0.29537851486539723
POL-015394,0.16748725287945238
POL-015395,0.153483273712468
POL-015396,0.13302312660200696
POL-015397,0.09787916278696
POL-015398,0.18276424423513993
POL-015399,0.14500780857531326
POL-015400,0.16214960105796355
POL-015401,0.18974191851225133
POL-015402,0.3075955847039916
POL-015403,0.13982354348784543
POL-015404,0.06194426110058811
POL-015405,0.24825366101215812
POL-015406,0.07553368179618476
POL-015407,0.11195183342697865
POL-015408,0.19855002041512648
POL-015409,0.01708959306832666
POL-015410,0.1423834416218282
POL-015411,0.12449164611622457
POL-015412,0.06725722978914071
POL-015413,0.11963880472201957
POL-015414,0.18534544010571663
POL-015415,0.2181637076210891
POL-015416,0.12428346574168576
POL-015417,0.09047961780950659
POL-015418,0.12140343353786773
POL-015419,0.09140700851947939
POL-015420,0.31226275567607925
POL-015421,0.24727350075872195
POL-015422,0.3949545837016772
POL-015423,0.1407666266226006
POL-015424,0.04149977562718274
POL-015425,0.04386751831007537
POL-015426,0.07529269530156286
POL-015427,0.10242907193633424
POL-015428,0.15576860837849016
POL-015429,0.2390917898054125
POL-015430,0.1072374333149099
POL-015431,0.12883386635859878
POL-015432,0.12597292346341338
POL-015433,0.28815588217763516
POL-015434,0.07369206213495953
POL-015435,0.1300449311679442
POL-015436,0.01994716804248199
POL-015437,0.09181510948439472
POL-015438,0.24129148752775284
POL-015439,0.17882866348081392
POL-015440,0.26973432793699326
POL-015441,0.10647190526501886
POL-015442,0.18031686012361367
POL-015443,0.11957136534630855
POL-015444,0.20874080418435575
POL-015445,0.10193964618846378
POL-015446,0.1589204280822432
POL-015447,0.2517056174673914
POL-015448,0.1762401868198893
POL-015449,0.22567029180908743
POL-015450,0.12725051008461602
POL-015451,0.05742472926521609
POL-015452,0.3069940083706015
POL-015453,0.15174967967922076
POL-015454,0.11507314954566936
POL-015455,0.0828079066380067
POL-015456,0.2166207459234477
POL-015457,0.108386814723996
POL-015458,0.12308596102352316
POL-015459,0.1642650629460008
POL-015460,0.16005527517355825
POL-015461,0.24729524495103278
POL-015462,0.2540191434665666
POL-015463,0.07681364231846392
POL-015464,0.17896561788463156
POL-015465,0.059588627681134286
POL-015466,0.1598932579868551
POL-015467,0.13939477629152425
POL-015468,0.17838436645910347
POL-015469,0.16976663737742184
POL-015470,0.24847876217617054
POL-015471,0.11927102804775942
POL-015472,0.14844420477478665
POL-015473,0.14333355548116802
POL-015474,0.07506948451410149
POL-015475,0.09603408801749683
POL-015476,0.2650161333695837
POL-015477,0.2521749603125929
POL-015478,0.14663585615311914
POL-015479,0.09287179858346743
POL-015480,0.1302281717292746
POL-015481,0.1592880908991731
POL-015482,0.126534447661057
POL-015483,0.26379633083593507
POL-015484,0.1174371535341093
POL-015485,0.19556629232187098
POL-015486,0.1132832012494629
POL-015487,0.1830181747673263
POL-015488,0.19540936144071852
POL-015489,0.27044447984542486
POL-015490,0.08208622627862125
POL-015491,0.11926174792377933
POL-015492,0.08574684504875683
POL-015493,0.29893599784677943
POL-015494,0.22937516115370454
POL-015495,0.10737031140965048
POL-015496,0.07746172123917638
POL-015497,0.051103713973556134
POL-015498,0.11366218924203678
POL-015499,0.20085753892789673
POL-015500,0.19596611397768185
POL-015501,0.21692906390175315
POL-015502,0.21968092786438512
POL-015503,0.19842814485476618
POL-015504,0.22381012895118074
POL-015505,0.07783659431180603
POL-015506,0.01283264608545824
POL-015507,0.19465881130586352
POL-015508,0.2080251540827751
POL-015509,0.10853792497026771
POL-015510,0.25397284440056683
POL-015511,0.14986298493941316
POL-015512,0.2343041260691559
POL-015513,0.08262285038230154
POL-015514,0.1313832413612955
POL-015515,0.15146972436361014
POL-015516,0.11379204663225229
POL-015517,0.054550208632098585
POL-015518,0.16852064207234557
POL-015519,0.2450055292695919
POL-015520,0.2671297084576031
POL-015521,0.16526754060023047
POL-015522,0.15400729529238733
POL-015523,0.29038980582028967
POL-015524,0.26418147665799274
POL-015525,0.33390181998387525
POL-015526,0.1094927019344738
POL-015527,0.16779578264343958
POL-015528,0.1909876625934885
POL-015529,0.14011398155682672
POL-015530,0.09904587193710591
POL-015531,0.10631123415232913
POL-015532,0.07912018946624895
POL-015533,0.13132943861074936
POL-015534,0.11155217023710842
POL-015535,0.2517395128540958
POL-015536,0.1261342848077085
POL-015537,0.1629121796551446
POL-015538,0.21952949858178195
POL-015539,0.21682235287009424
POL-015540,0.15559365843996198
POL-015541,0.19599141570669337
POL-015542,0.15696542603688907
POL-015543,0.03808030829641381
POL-015544,0.3608175903883214
POL-015545,0.13717358183199277
POL-015546,0.22791181138124772
POL-015547,0.18461007026289442
POL-015548,0.14354516821997182
POL-015549,0.2635064159339314
POL-015550,0.12598715913674952
POL-015551,0.11777375681062263
POL-015552,0.17114445179747853
POL-015553,0.059304369486596856
POL-015554,0.21936620150943692
POL-015555,0.10225343528636532
POL-015556,0.2525278485377805
POL-015557,0.1098342251283588
POL-015558,0.14180263477499683
POL-015559,0.19731442323907067
POL-015560,0.21868080023947334
POL-015561,0.12782311056451942
POL-015562,0.06779458212686403
POL-015563,0.07336046126922594
POL-015564,0.08558666277822892
POL-015565,0.15554327087703018
POL-015566,0.16243963292250568
POL-015567,0.041790937424206184
POL-015568,0.05301348266294594
POL-015569,0.19031842957354145
POL-015570,0.06097559375985521
POL-015571,0.2124806172787171
POL-015572,0.13958421600847495
POL-015573,0.30189225242483464
POL-015574,0.11436596463762352
POL-015575,0.04420062941020484
POL-015576,0.11944680102604407
POL-015577,0.0846987619433057
POL-015578,0.1219180646673366
POL-015579,0.14594332834196214
POL-015580,0.09192514604842505
POL-015581,0.18314859729495414
POL-015582,0.20738795867884918
POL-015583,0.12980046545319035
POL-015584,0.22905885035136272
POL-015585,0.10843703591330316
POL-015586,0.13109749399376308
POL-015587,0.1291600171512471
POL-015588,0.20979985114763747
POL-015589,0.238148911592048
POL-015590,0.0948766934343358
POL-015591,0.15826374766717238
POL-015592,0.15141984691305593
POL-015593,0.1089747243979062
POL-015594,0.32555836004566174
POL-015595,0.2293265005535058
POL-015596,0.24196188487740292
POL-015597,0.09782524953291424
POL-015598,0.13381056215186238
POL-015599,0.1686976122738227
POL-015600,0.1395810377415559
POL-015601,0.0743469400508594
POL-015602,0.10513610054217407
POL-015603,0.15712681849388727
POL-015604,0.09963312684309406
POL-015605,0.2417882632228713
POL-015606,0.22370207904148817
POL-015607,0.23070796687383072
POL-015608,0.15428277793276216
POL-015609,0.12952356118989528
POL-015610,0.23756313740967938
POL-015611,0.17006523946556534
POL-015612,0.26647668248389833
POL-015613,0.06186010209077658
POL-015614,0.5509819702246306
POL-015615,0.1403973660688736
POL-015616,0.18950389953510932
POL-015617,0.09333670749934717
POL-015618,0.36472508178765645
POL-015619,0.04753625218958939
POL-015620,0.212353591313801
POL-015621,0.17964741896281936
POL-015622,0.16586871246992288
POL-015623,0.28982150492169173
POL-015624,0.09806150383769847
POL-015625,0.2518529337267257
POL-015626,0.10948436117362018
POL-015627,0.16284989712678027
POL-015628,0.09093673484938063
POL-015629,0.18951850156050115
POL-015630,0.13831166566612968
POL-015631,0.12751382701894454
POL-015632,0.07267850477051994
POL-015633,0.08072947310283532
POL-015634,0.20185126627727107
POL-015635,0.10721030760129091
POL-015636,0.16783918254041805
POL-015637,0.10417012977113933
POL-015638,0.16885226169844642
POL-015639,0.2185262122220578
POL-015640,0.22467974859025017
POL-015641,0.05356825010948048
POL-015642,0.22850556315554868
POL-015643,0.15382600285392667
POL-015644,0.27442322828561194
POL-015645,0.10426117050459176
POL-015646,0.12236683360020714
POL-015647,0.1473315040610665
POL-015648,0.06557414543526471
POL-015649,0.2904825842621071
POL-015650,0.12878596910615348
POL-015651,0.08490748794022882
POL-015652,0.026860727018806048
POL-015653,0.06536014753101
POL-015654,0.24893504933515648
POL-015655,0.09760038265435567
POL-015656,0.23752952211543915
POL-015657,0.16809357548172177
POL-015658,0.14001886287839344
POL-015659,0.04517480134517861
POL-015660,0.055531622157136716
POL-015661,0.2544515921354103
POL-015662,0.3465587831260763
POL-015663,0.1641947837229581
POL-015664,0.29444327078071564
POL-015665,0.07220104545470134
POL-015666,0.13407570885930992
POL-015667,0.27149551340106576
POL-015668,0.13060670155358173
POL-015669,0.3820378861165651
POL-015670,0.06094117560164353
POL-015671,0.053003121783605556
POL-015672,0.12684375343921256
POL-015673,0.11017164935244125
POL-015674,0.23969531681962217
POL-015675,0.09164991052393727
POL-015676,0.08722401514397973
POL-015677,0.07577187380727186
POL-015678,0.13107151981501844
POL-015679,0.3727034298784703
POL-015680,0.14254113783661082
POL-015681,0.18911228750237413
POL-015682,0.10909422332174863
POL-015683,0.025409032201808908
POL-015684,0.1415143312154745
POL-015685,0.11438335243321456
POL-015686,0.17594159771382062
POL-015687,0.19225670288340094
POL-015688,0.2985797612107922
POL-015689,0.08814470366477115
POL-015690,0.08144328391789957
POL-015691,0.10972639156574884
POL-015692,0.11538972807887875
POL-015693,0.22840975919311654
POL-015694,0.1287279018129528
POL-015695,0.43461460901831667
POL-015696,0.09550750519713244
POL-015697,0.1629073458447357
POL-015698,0.09848856158228703
POL-015699,0.14998182320838566
POL-015700,0.17287061531891862
POL-015701,0.06720787165965478
POL-015702,0.21447185013372994
POL-015703,0.2981606971007996
POL-015704,0.2000505986501988
POL-015705,0.2013301420892387
POL-015706,0.1111857915560444
POL-015707,0.17294308508426087
POL-015708,0.06173550073845911
POL-015709,0.11430256207846372
POL-015710,0.3514647985937744
POL-015711,0.13603307872104892
POL-015712,0.14678721251869664
POL-015713,0.14125190790383504
POL-015714,0.11796039722339832
POL-015715,0.11789514621470702
POL-015716,0.13626211758103793
POL-015717,0.2959206075901893
POL-015718,0.22079217499237552
POL-015719,0.1843127872657354
POL-015720,0.08143800592803747
POL-015721,0.17029724470174595
POL-015722,0.1595216999486056
POL-015723,0.13807195943925793
POL-015724,0.10701146509060833
POL-015725,0.15411092397831694
POL-015726,0.17602453769213117
POL-015727,0.12055467083016862
POL-015728,0.15207544731476472
POL-015729,0.16218876722888745
POL-015730,0.11371641019728065
POL-015731,0.10251096192518398
POL-015732,0.17718204220303782
POL-015733,0.04402066786290812
POL-015734,0.17371164669203054
POL-015735,0.39333206904954193
POL-015736,0.09819026733176912
POL-015737,0.28290949066511784
POL-015738,0.047947419125906554
POL-015739,0.05526465717693087
POL-015740,0.1162436931891109
POL-015741,0.32736377432290237
POL-015742,0.13451779444738024
POL-015743,0.11133310903252429
POL-015744,0.18089674974950967
POL-015745,0.19584471884412186
POL-015746,0.06868772317860325
POL-015747,0.32034965887252115
POL-015748,0.13134512288273736
POL-015749,0.09207713205982027
POL-015750,0.12367696849513968
POL-015751,0.3727560798799245
POL-015752,0.2511666578905431
POL-015753,0.042097389891971114
POL-015754,0.2282664772684188
POL-015755,0.13651905095621844
POL-015756,0.21583949253789894
POL-015757,0.1741102672514228
POL-015758,0.14636404595327268
POL-015759,0.2475198283975868
POL-015760,0.22203721721930236
POL-015761,0.0978098635395602
POL-015762,0.12000727028883869
POL-015763,0.13163892024396548
POL-015764,0.07311551238087724
POL-015765,0.1251386022893279
POL-015766,0.28456284820710087
POL-015767,0.1901861594930968
POL-015768,0.2053314039613207
POL-015769,0.08192466257430688
POL-015770,0.0885263151862514
POL-015771,0.16620929448505564
POL-015772,0.14759986665058603
POL-015773,0.09296974373545902
POL-015774,0.1395525198505257
POL-015775,0.13761410804967894
POL-015776,0.2427085129928816
POL-015777,0.1284728813816857
POL-015778,0.20580573314548886
POL-015779,0.20783464155573483
POL-015780,0.26282943729807845
POL-015781,0.17163636437696955
POL-015782,0.10846678961448501
POL-015783,0.2919851256530389
POL-015784,0.29702048798353303
POL-015785,0.23182808651737802
POL-015786,0.07639892401254582
POL-015787,0.12986947043479408
POL-015788,0.12782676973171112
POL-015789,0.1988568184812368
POL-015790,0.0887774689371438
POL-015791,0.22763306397689237
POL-015792,0.07411143006127878
POL-015793,0.13942729873129783
POL-015794,0.20644361807943654
POL-015795,0.1181555853922243
POL-015796,0.3501664541602708
POL-015797,0.27390794008798974
POL-015798,0.08519515361336284
POL-015799,0.3067457323974364
POL-015800,0.14913493153843774
POL-015801,0.16006409977628486
POL-015802,0.22437872072599782
POL-015803,0.21293407471022058
POL-015804,0.09801735487391919
POL-015805,0.22183188071492793
POL-015806,0.18576281603618275
POL-015807,0.24021983227672733
POL-015808,0.30750642604711437
POL-015809,0.2587625643403924
POL-015810,0.08667570688412575
POL-015811,0.21329585999693074
POL-015812,0.15076083803782597
POL-015813,0.12436270150072566
POL-015814,0.23609645937934481
POL-015815,0.1973633738685791
POL-015816,0.20681284984231624
POL-015817,0.13484775152842166
POL-015818,0.08982429857179433
POL-015819,0.2273300725023839
POL-015820,0.1536864886970016
POL-015821,0.10014369892587868
POL-015822,0.30632717811242915
POL-015823,0.2781929086093916
POL-015824,0.16005808648585756
POL-015825,0.24964599027040765
POL-015826,0.08339808443646413
POL-015827,0.20767986023094065
POL-015828,0.16137154816422122
POL-015829,0.1690109353506882
POL-015830,0.1295082455432437
POL-015831,0.1955905907196415
POL-015832,0.04292249198903747
POL-015833,0.14766893911301676
POL-015834,0.15305795726997945
POL-015835,0.05304290851306537
POL-015836,0.1177794227471574
POL-015837,0.19341213099256216
POL-015838,0.23292539656113725
POL-015839,0.11965916489479278
POL-015840,0.23469306178966595
POL-015841,0.11990640062494447
POL-015842,0.08540598375341477
POL-015843,0.11787329646158975
POL-015844,0.05925684660779412
POL-015845,0.0956992929945022
POL-015846,0.20058423524266203
POL-015847,0.44500143567325845
POL-015848,0.11327677945595205
POL-015849,0.40640322913538174
POL-015850,0.14677344808855536
POL-015851,0.44268129316694926
POL-015852,0.11827540427925134
POL-015853,0.15444191188003048
POL-015854,0.21168935879293693
POL-015855,0.08084329884049161
POL-015856,0.15734400809325727
POL-015857,0.1311734442181688
POL-015858,0.24028077400921158
POL-015859,0.24024955903058115
POL-015860,0.19710467349745162
POL-015861,0.20812074070172953
POL-015862,0.23389153395122486
POL-015863,0.15262213194438662
POL-015864,0.22079844552802802
POL-015865,0.30666935975006354
POL-015866,0.12327385018593233
POL-015867,0.06813145061589412
POL-015868,0.1375759503759194
POL-015869,0.15672567215271785
POL-015870,0.1833102569778537
POL-015871,0.030628022857411306
POL-015872,0.19027322788133721
POL-015873,0.16896862770095172
POL-015874,0.2042340232353214
POL-015875,0.40550562676980784
POL-015876,0.1391955769366744
POL-015877,0.15497034062513934
POL-015878,0.12311241251638139
POL-015879,0.32206042768479776
POL-015880,0.18692366204914765
POL-015881,0.23279710654906283
POL-015882,0.10979085797976071
POL-015883,0.10887009780817478
POL-015884,0.1661717797452579
POL-015885,0.035500457221855394
POL-015886,0.05704952898131127
POL-015887,0.3641043149640934
POL-015888,0.10791189649017989
POL-015889,0.13724745769805388
POL-015890,0.23236125332883545
POL-015891,0.12538601569997646
POL-015892,0.11671376638124546
POL-015893,0.202854573275755
POL-015894,0.13534988491048944
POL-015895,0.19374829451410558
POL-015896,0.21162954095368475
POL-015897,0.08685149332567363
POL-015898,0.1565158907926115
POL-015899,0.08087954140060784
POL-015900,0.27213763721202033
POL-015901,0.10528212456257306
POL-015902,0.19765605862692373
POL-015903,0.138668032297889
POL-015904,0.2642235856757157
POL-015905,0.1870044571152754
POL-015906,0.1568763531616038
POL-015907,0.11471063595158633
POL-015908,0.14741211488715322
POL-015909,0.08637513170083405
POL-015910,0.12094713790234127
POL-015911,0.17532799744243122
POL-015912,0.10776295521394061
POL-015913,0.15228304570206
POL-015914,0.08058986319261544
POL-015915,0.20219130066044783
POL-015916,0.14624427663987355
POL-015917,0.10490141651429694
POL-015918,0.17838836804101393
POL-015919,0.22048496717582872
POL-015920,0.2917702870507738
POL-015921,0.14064421344678685
POL-015922,0.12262970942254359
POL-015923,0.12995014073997155
POL-015924,0.10241911689904407
POL-015925,0.15940034981458512
POL-015926,0.15623023633378014
POL-015927,0.10592928049697554
POL-015928,0.18478874730239028
POL-015929,0.12543168997692472
POL-015930,0.07616230647408903
POL-015931,0.093277008850813
POL-015932,0.14962445527761106
POL-015933,0.2102495192744621
POL-015934,0.10737370342103006
POL-015935,0.3042193528660912
POL-015936,0.05915837259565358
POL-015937,0.12319793003231379
POL-015938,0.14808642443943407
POL-015939,0.2578002109384786
POL-015940,0.11937140119589666
POL-015941,0.07550117997547989
POL-015942,0.3136455466438466
POL-015943,0.1699517462521907
POL-015944,0.2641128102993945
POL-015945,0.07989547166677417
POL-015946,0.06344906447269898
POL-015947,0.2633961470553129
POL-015948,0.2505928797294535
POL-015949,0.2517052622752811
POL-015950,0.19027456987353902
POL-015951,0.15113340998745173
POL-015952,0.16851725282477306
POL-015953,0.14907166647869313
POL-015954,0.09080867223204
POL-015955,0.08274021695307406
POL-015956,0.3436520177654142
POL-015957,0.12620454927540378
POL-015958,0.16117880084605468
POL-015959,0.08259136994749397
POL-015960,0.17191110882553653
POL-015961,0.2675051620104895
POL-015962,0.2024297708340388
POL-015963,0.06552878571045474
POL-015964,0.10096730230151504
POL-015965,0.10243364412520628
POL-015966,0.18273652932709308
POL-015967,0.1840074294636191
POL-015968,0.09746721473076447
POL-015969,0.09925252643711638
POL-015970,0.024710357598879074
POL-015971,0.09402250330929648
POL-015972,0.12954442494382892
POL-015973,0.10601944218434592
POL-015974,0.14381759687693912
POL-015975,0.1856777121021664
POL-015976,0.1613887560431031
POL-015977,0.17001141940210007
POL-015978,0.13162311164185142
POL-015979,0.21883469041714823
POL-015980,0.11778891879252011
POL-015981,0.26742553544073455
POL-015982,0.060186727190154624
POL-015983,0.18617067689405048
POL-015984,0.11579010270648542
POL-015985,0.09860762637388695
POL-015986,0.11687954481050689
POL-015987,0.17045669840849711
POL-015988,0.2726542768071748
POL-015989,0.1548667536355705
POL-015990,0.1086614933309635
POL-015991,0.120282555580183
POL-015992,0.22504431836659608
POL-015993,0.1075238290818892
POL-015994,0.15978839984881069
POL-015995,0.29344117872124337
POL-015996,0.14575108003222292
POL-015997,0.26132543258034613
POL-015998,0.06142171513935113
POL-015999,0.09832362574885972
POL-016000,0.07616925145330926
POL-016001,0.14059671128871493
POL-016002,0.20756031672477038
POL-016003,0.11627599757433418
POL-016004,0.15713253947101766
POL-016005,0.093556275772991
POL-016006,0.2819385883907901
POL-016007,0.14869211360611487
POL-016008,0.20313161626735363
POL-016009,0.11290558713834473
POL-016010,0.18488238685591957
POL-016011,0.15786040386150416
POL-016012,0.20585815048337097
POL-016013,0.1007937008150126
POL-016014,0.08865830092605696
POL-016015,0.17992631659133423
POL-016016,0.09925101360736625
POL-016017,0.16258818654125656
POL-016018,0.11057225801415568
POL-016019,0.13896882104044392
POL-016020,0.20371125900953393
POL-016021,0.07854297278475783
POL-016022,0.12929904745053644
POL-016023,0.148953478285487
POL-016024,0.31524027792812226
POL-016025,0.1170385632841228
POL-016026,0.20999882223399063
POL-016027,0.2141541910723567
POL-016028,0.12899804149545624
POL-016029,0.23987725434925475
POL-016030,0.28768405463305025
POL-016031,0.2183701487179163
POL-016032,0.13498841701240077
POL-016033,0.13049719742013755
POL-016034,0.13462909109403326
POL-016035,0.12091790558185274
POL-016036,0.0877946164260595
POL-016037,0.24439011800386448
POL-016038,0.10483009907178784
POL-016039,0.20637819196404075
POL-016040,0.2549294994511265
POL-016041,0.16617369434629378
POL-016042,0.1397539443801822
POL-016043,0.1454952550384966
POL-016044,0.1206672933120709
POL-016045,0.10049928966984838
POL-016046,0.1742526303642405
POL-016047,0.1084970249426009
POL-016048,0.19924824026375346
POL-016049,0.1900977456935815
POL-016050,0.23379967094570034
POL-016051,0.16157708984870064
POL-016052,0.0637083368712829
POL-016053,0.11872517974302219
POL-016054,0.2015790687446582
POL-016055,0.3005672921032135
POL-016056,0.2780896916552537
POL-016057,0.1131952429768438
POL-016058,0.06589195763654365
POL-016059,0.3107635914415786
POL-016060,0.11306130138442479
POL-016061,0.23848288132531606
POL-016062,0.14195832361249155
POL-016063,0.12189829435971947
POL-016064,0.2918131584854374
POL-016065,0.08349029629406902
POL-016066,0.26057601595707985
POL-016067,0.0932765417380633
POL-016068,0.14450213173113863
POL-016069,0.19021939313953992
POL-016070,0.1970407663597131
POL-016071,0.10398213276402715
POL-016072,0.24952404716196966
POL-016073,0.27730665627282997
POL-016074,0.18778210716932747
POL-016075,0.19630014608663665
POL-016076,0.21169315502221936
POL-016077,0.15496585703145355
POL-016078,0.14917499457368985
POL-016079,0.24678338481562384
POL-016080,0.18744681649006176
POL-016081,0.127729771724135
POL-016082,0.19547341368898669
POL-016083,0.19487910489578836
POL-016084,0.17818259454702895
POL-016085,0.08672151839204842
POL-016086,0.11444674110523953
POL-016087,0.09480209428781142
POL-016088,0.0938138012084064
POL-016089,0.13567051547050996
POL-016090,0.2184885879446857
POL-016091,0.10760576249784778
POL-016092,0.14450767844392484
POL-016093,0.1768925740508253
POL-016094,0.32518814961717857
POL-016095,0.19978065751548307
POL-016096,0.13941224837389912
POL-016097,0.08596358088127927
POL-016098,0.18095196538505467
POL-016099,0.08194327611153765
POL-016100,0.05925910688085294
POL-016101,0.16252498106043817
POL-016102,0.12523109816789818
POL-016103,0.1602180276598132
POL-016104,0.0934298970583068
POL-016105,0.17143538873088127
POL-016106,0.1276109795615839
POL-016107,0.06530969052402628
POL-016108,0.10151746801231307
POL-016109,0.05959657109872156
POL-016110,0.09489704958602865
POL-016111,0.15703972662751886
POL-016112,0.134359145026739
POL-016113,0.1780715974237387
POL-016114,0.12860983253568134
POL-016115,0.13583938876420423
POL-016116,0.32770139888608574
POL-016117,0.12175807867382342
POL-016118,0.12594164025289106
POL-016119,0.13896805024264672
POL-016120,0.16908524044211556
POL-016121,0.06460342605935077
POL-016122,0.04357697291070563
POL-016123,0.2546564876274409
POL-016124,0.13917813866937007
POL-016125,0.07910837654029884
POL-016126,0.22389947541435523
POL-016127,0.12653663458597045
POL-016128,0.24889299130788228
POL-016129,0.1556413279871729
POL-016130,0.09491468285714673
POL-016131,0.21586949266884195
POL-016132,0.24704432535816195
POL-016133,0.07851235257330429
POL-016134,0.29510994732276014
POL-016135,0.20815218603951383
POL-016136,0.11936532936018782
POL-016137,0.15906631939603622
POL-016138,0.19493055489692257
POL-016139,0.12620645754854548
POL-016140,0.1674314116411375
POL-016141,0.04989273479099612
POL-016142,0.14899205062332152
POL-016143,0.12090196567236969
POL-016144,0.06770919164415724
POL-016145,0.18388054530775283
POL-016146,0.15607158533745485
POL-016147,0.15087691743572632
POL-016148,0.2416785067391652
POL-016149,0.1876548960191486
POL-016150,0.16919914313747253
POL-016151,0.14496032194381203
POL-016152,0.10898744215562746
POL-016153,0.2706217462419838
POL-016154,0.15196721207622688
POL-016155,0.10159403504889657
POL-016156,0.04128035051736996
POL-016157,0.22512139350827892
POL-016158,0.10456824547551706
POL-016159,0.2272176903114386
POL-016160,0.3377140894059997
POL-016161,0.25053521404546125
POL-016162,0.1711705923081717
POL-016163,0.0598809212791999
POL-016164,0.33226357475559987
POL-016165,0.2193721502745242
POL-016166,0.23108098008901026
POL-016167,0.11991582125267894
POL-016168,0.19267555856190405
POL-016169,0.21112462568958526
POL-016170,0.3682935545241121
POL-016171,0.14352711184076705
POL-016172,0.23662327194108213
POL-016173,0.3336097429489869
POL-016174,0.1361725945406381
POL-016175,0.15683934421647047
POL-016176,0.1703844901693026
POL-016177,0.08500351518713775
POL-016178,0.11301047657502894
POL-016179,0.11386555318747708
POL-016180,0.1820306516067628
POL-016181,0.16791826365989046
POL-016182,0.1614677242199862
POL-016183,0.13419790914679347
POL-016184,0.11421789820577613
POL-016185,0.14557127819655852
POL-016186,0.13090292461001757
POL-016187,0.08971457995966488
POL-016188,0.0649021121431379
POL-016189,0.10287202660184787
POL-016190,0.10096416081211368
POL-016191,0.04099411909686187
POL-016192,0.1567079084318038
POL-016193,0.039396337957363935
POL-016194,0.09547948110526955
POL-016195,0.10442053032852809
POL-016196,0.13966941429311247
POL-016197,0.12614291716811882
POL-016198,0.20062468062810881
POL-016199,0.3901418157375276
POL-016200,0.16866766542686476
POL-016201,0.2198069218467102
POL-016202,0.15566333199983856
POL-016203,0.10510921636889622
POL-016204,0.16292837830661844
POL-016205,0.21604649540570925
POL-016206,0.15759041225350073
POL-016207,0.21326246969147178
POL-016208,0.07144564974068968
POL-016209,0.0869606186138863
POL-016210,0.22285624618905925
POL-016211,0.1492849452809044
POL-016212,0.16238246443093884
POL-016213,0.10289838457117044
POL-016214,0.0492961401730949
POL-016215,0.1657431704506478
POL-016216,0.14280571052238272
POL-016217,0.08161579909490124
POL-016218,0.16479292574606266
POL-016219,0.147389702741018
POL-016220,0.16095602728014918
POL-016221,0.07287844104730848
POL-016222,0.08412024911274585
POL-016223,0.12104844569422238
POL-016224,0.20357324025372395
POL-016225,0.06795244043065198
POL-016226,0.4123522173130354
POL-016227,0.0718773264932365
POL-016228,0.1731414277709066
POL-016229,0.28692870361606176
POL-016230,0.130384880068765
POL-016231,0.16481531878378192
POL-016232,0.36244290463703527
POL-016233,0.22646101044364278
POL-016234,0.2731016425993795
POL-016235,0.21423232743598764
POL-016236,0.1474024917117304
POL-016237,0.2227460653256652
POL-016238,0.3313092896746471
POL-016239,0.08392650724527692
POL-016240,0.19989541799920324
POL-016241,0.09808411259859526
POL-016242,0.19480639502911207
POL-016243,0.08273674055379224
POL-016244,0.19196190064476987
POL-016245,0.17099016211557744
POL-016246,0.10540499090989039
POL-016247,0.12459773056168075
POL-016248,0.1335691234798502
POL-016249,0.3154733975573209
POL-016250,0.1297613882298873
POL-016251,0.12041705450672517
POL-016252,0.1873478249035849
POL-016253,0.1875285708570227
POL-016254,0.09531633723745156
POL-016255,0.11303416399971875
POL-016256,0.05568443808671293
POL-016257,0.1424164289343161
POL-016258,0.16116081812032965
POL-016259,0.2089628800118209
POL-016260,0.39208789662034504
POL-016261,0.23604087200830998
POL-016262,0.11101778544856271
POL-016263,0.17308483903267421
POL-016264,0.10159914990454563
POL-016265,0.08365422985865752
POL-016266,0.15243095744436236
POL-016267,0.14112736072475923
POL-016268,0.3276977944752236
POL-016269,0.06894891559489699
POL-016270,0.15057484385593817
POL-016271,0.13538011226955354
POL-016272,0.17890042004076534
POL-016273,0.20423730288114578
POL-016274,0.16782618511951447
POL-016275,0.14146115897848063
POL-016276,0.19277687385831627
POL-016277,0.29626073485982374
POL-016278,0.27249827096596324
POL-016279,0.09002673877860667
POL-016280,0.09787811371735061
POL-016281,0.17955163208827707
POL-016282,0.13439831751933815
POL-016283,0.16164419825550386
POL-016284,0.18189338965857127
POL-016285,0.1932520743685231
POL-016286,0.08691992265994665
POL-016287,0.08740838258990366
POL-016288,0.14679760184444207
POL-016289,0.05305045150609451
POL-016290,0.18126342111255345
POL-016291,0.3233902596895815
POL-016292,0.1221733901467403
POL-016293,0.2813012921534419
POL-016294,0.15305670771284835
POL-016295,0.27451056668738294
POL-016296,0.1362191026740248
POL-016297,0.2384473836545919
POL-016298,0.28087359897030484
POL-016299,0.19915541684354587
POL-016300,0.10438217269760638
POL-016301,0.056670780730483816
POL-016302,0.2362143284517034
POL-016303,0.15300953166652437
POL-016304,0.12032027436742095
POL-016305,0.11724680181990421
POL-016306,0.15218252931972825
POL-016307,0.23913332287563088
POL-016308,0.24510488961498034
POL-016309,0.15738051292465122
POL-016310,0.1277450675602326
POL-016311,0.21493581582618612
POL-016312,0.12365075749528656
POL-016313,0.09207598107509267
POL-016314,0.18028801275349188
POL-016315,0.249869547444653
POL-016316,0.09144427843643117
POL-016317,0.13014680432188175
POL-016318,0.14148310649013207
POL-016319,0.1599181340268495
POL-016320,0.18494001311652553
POL-016321,0.12287026527630056
POL-016322,0.16064948926822226
POL-016323,0.19802323361293134
POL-016324,0.06888827039041409
POL-016325,0.05196337165530779
POL-016326,0.06839132318546096
POL-016327,0.2181283589981589
POL-016328,0.1126389668638467
POL-016329,0.32033243348572915
POL-016330,0.09711275331656341
POL-016331,0.23783093839916236
POL-016332,0.13826030859498536
POL-016333,0.13835207785013384
POL-016334,0.18401627834108497
POL-016335,0.10880681959332436
POL-016336,0.13875231527804005
POL-016337,0.2651128899065684
POL-016338,0.1406952223476591
POL-016339,0.07486952138329664
POL-016340,0.07712062406425461
POL-016341,0.07519939083980573
POL-016342,0.07886523356879913
POL-016343,0.15623197560096447
POL-016344,0.17231147791005097
POL-016345,0.29967529897609146
POL-016346,0.08108225366255865
POL-016347,0.2561264506193754
POL-016348,0.11586906563917085
POL-016349,0.1229572586215586
POL-016350,0.0696022978348136
POL-016351,0.053419236134980466
POL-016352,0.14259690878195583
POL-016353,0.16192677032508787
POL-016354,0.18984172549692008
POL-016355,0.17279553847662005
POL-016356,0.15307830339210832
POL-016357,0.12062905925942491
POL-016358,0.1002247129234736
POL-016359,0.10753090312775586
POL-016360,0.12333394663232773
POL-016361,0.15602184356191215
POL-016362,0.11115431060934178
POL-016363,0.1919111875132964
POL-016364,0.17571982072798442
POL-016365,0.07779973933730601
POL-016366,0.305809838314755
POL-016367,0.1203428058351986
POL-016368,0.13662962138069454
POL-016369,0.20243555558537024
POL-016370,0.14075850341507673
POL-016371,0.16858958624353745
POL-016372,0.11311878297303483
POL-016373,0.07870672274643495
POL-016374,0.14481805188962363
POL-016375,0.24654192595065863
POL-016376,0.11732938513285363
POL-016377,0.10388696077855156
POL-016378,0.30536517691169773
POL-016379,0.43887969441803715
POL-016380,0.2472632176080923
POL-016381,0.044856299126210385
POL-016382,0.1761393046312252
POL-016383,0.10784110997760968
POL-016384,0.08663945991894233
POL-016385,0.12230400890159639
POL-016386,0.19689766868416553
POL-016387,0.13092036263953005
POL-016388,0.0973670840755232
POL-016389,0.13830766396445665
POL-016390,0.2700119381123902
POL-016391,0.08306016954952963
POL-016392,0.11877477521539156
POL-016393,0.13230750428401544
POL-016394,0.060944822561429704
POL-016395,0.05980078905681827
POL-016396,0.09562490562717785
POL-016397,0.08247094241168566
POL-016398,0.12235968074963299
POL-016399,0.19081682845838543
POL-016400,0.16734094365295732
POL-016401,0.06349452239599232
POL-016402,0.19128759528026715
POL-016403,0.11351682843762925
POL-016404,0.09329902349791652
POL-016405,0.17313788262505453
POL-016406,0.2075428322973564
POL-016407,0.12572900411590088
POL-016408,0.1593104113994683
POL-016409,0.2507783568016786
POL-016410,0.22189917071641685
POL-016411,0.06776290217112964
POL-016412,0.07456215021637942
POL-016413,0.180437656816387
POL-016414,0.10386175120470882
POL-016415,0.07992164788261844
POL-016416,0.0396817609677237
POL-016417,0.14484072953651736
POL-016418,0.11651571767781724
POL-016419,0.08161575392764715
POL-016420,0.02082571178630569
POL-016421,0.10029747647123513
POL-016422,0.32144047658079666
POL-016423,0.09262869039354593
POL-016424,0.16826256428895614
POL-016425,0.1767166250029575
POL-016426,0.11344218939591552
POL-016427,0.33290702167827546
POL-016428,0.35789941959781657
POL-016429,0.13667272571367964
POL-016430,0.02067096037353369
POL-016431,0.0921436720661581
POL-016432,0.14775046201636782
POL-016433,0.2667969145514954
POL-016434,0.08147369415153867
POL-016435,0.22970470311605756
POL-016436,0.06584255043697927
POL-016437,0.12140187970379376
POL-016438,0.24940609856588997
POL-016439,0.15099564396106535
POL-016440,0.175649876956187
POL-016441,0.1840839550723644
POL-016442,0.09403793154233617
POL-016443,0.18799454869070986
POL-016444,0.10108624192108948
POL-016445,0.17344501430799208
POL-016446,0.19888584769994375
POL-016447,0.1278115109235113
POL-016448,0.17056047103047
POL-016449,0.23462349507593389
POL-016450,0.39480300393032736
POL-016451,0.15180511637619584
POL-016452,0.17804713939645084
POL-016453,0.14984431603483894
POL-016454,0.17743386145327797
POL-016455,0.11629503191150352
POL-016456,0.11525138996079684
POL-016457,0.21767381569386393
POL-016458,0.28140094660711706
POL-016459,0.11648929076926147
POL-016460,0.2020781285243453
POL-016461,0.141434048949564
POL-016462,0.18808542186417787
POL-016463,0.09235626067003201
POL-016464,0.07462529606537378
POL-016465,0.13847275048581517
POL-016466,0.08006881124975021
POL-016467,0.26807588218640144
POL-016468,0.10269882501827028
POL-016469,0.19480379842848758
POL-016470,0.12392461294648097
POL-016471,0.08337966984888734
POL-016472,0.08456738072807676
POL-016473,0.12949903855895228
POL-016474,0.16323794069241654
POL-016475,0.13745622878382277
POL-016476,0.09414830412617166
POL-016477,0.17162670179662914
POL-016478,0.2172579387288942
POL-016479,0.0675624473009622
POL-016480,0.2429940242535713
POL-016481,0.060250052928878216
POL-016482,0.24564779124851968
POL-016483,0.08408852412592001
POL-016484,0.2705098586650653
POL-016485,0.09495766575200325
POL-016486,0.12684991673965526
POL-016487,0.2007942593218593
POL-016488,0.19438216609560968
POL-016489,0.1003149871235695
POL-016490,0.09150390052796302
POL-016491,0.10773599778903889
POL-016492,0.19085408224797734
POL-016493,0.24085600784339353
POL-016494,0.08875522558919861
POL-016495,0.10747185075703289
POL-016496,0.1876598952486246
POL-016497,0.2786040157913838
POL-016498,0.2561583749441311
POL-016499,0.2011722215568529
POL-016500,0.1096973480044064
POL-016501,0.15377607494176163
POL-016502,0.05850705433984245
POL-016503,0.14263874062018048
POL-016504,0.12338109614869894
POL-016505,0.07689731951259807
POL-016506,0.07797290581246277
POL-016507,0.0570790387985516
POL-016508,0.10007547266502703
POL-016509,0.15596379600821175
POL-016510,0.05212303399632793
POL-016511,0.07388509225796044
POL-016512,0.03910353789441099
POL-016513,0.06318306923523262
POL-016514,0.05726601472458903
POL-016515,0.08553463973022234
POL-016516,0.13729339570849186
POL-016517,0.07268471532959007
POL-016518,0.043618517414466144
POL-016519,0.0817649847598249
POL-016520,0.07781142574991111
POL-016521,0.040566107983538394
POL-016522,0.04099334155641561
POL-016523,0.04681486151387057
POL-016524,0.04926220192945306
POL-016525,0.0479332883890939
POL-016526,0.08342466266419506
POL-016527,0.11371016092594617
POL-016528,0.14842556904000662
POL-016529,0.05022705875378466
POL-016530,0.08426975849023456
POL-016531,0.0618107766130063
POL-016532,0.06353823199776655
POL-016533,0.02292331816703792
POL-016534,0.08604814675841635
POL-016535,0.038059414902314966
POL-016536,0.05804487814309774
POL-016537,0.103260600910861
POL-016538,0.18146804321683244
POL-016539,0.1751114417861614
POL-016540,0.07664472431621897
POL-016541,0.05867266333404948
POL-016542,0.11160824070101953
POL-016543,0.12867668848868977
POL-016544,0.11108978933248867
POL-016545,0.17882322875877144
POL-016546,0.11901646991878563
POL-016547,0.09188375091304121
POL-016548,0.07536487025332528
POL-016549,0.061295014509232845
POL-016550,0.13304726668676287
POL-016551,0.16631740154061875
POL-016552,0.26391350334188285
POL-016553,0.20423019708540552
POL-016554,0.11574925343141022
POL-016555,0.13113141444788284
POL-016556,0.09887515567941584
POL-016557,0.19530244163976215
POL-016558,0.13893963567311887
POL-016559,0.0776655728520598
POL-016560,0.0917792923716493
POL-016561,0.12106702214792339
POL-016562,0.09233111442596083
POL-016563,0.13182991237884584
POL-016564,0.17607712939948314
POL-016565,0.2602759000190526
POL-016566,0.1469060882669376
POL-016567,0.22989616278116265
POL-016568,0.05669148368907038
POL-016569,0.059625019037901204
POL-016570,0.10788536080401516
POL-016571,0.07755672966739194
POL-016572,0.25079471385603797
POL-016573,0.08542056756780367
POL-016574,0.09892452941866073
POL-016575,0.09780182379865707
POL-016576,0.11603970063518916
POL-016577,0.04535386911682179
POL-016578,0.0412637052478817
POL-016579,0.035293444529691506
POL-016580,0.11274001926107206
POL-016581,0.037884946057488086
POL-016582,0.0851831237233073
POL-016583,0.045859795768072045
POL-016584,0.15722069482209244
POL-016585,0.1056877739093957
POL-016586,0.16360122351956932
POL-016587,0.1108036206520441
POL-016588,0.1577462859325069
POL-016589,0.12299765560891715
POL-016590,0.1291957920179653
POL-016591,0.059754330225003635
POL-016592,0.06196150970512254
POL-016593,0.11736136831043165
POL-016594,0.09663200110791037
POL-016595,0.08831588095789944
POL-016596,0.1259235282954369
POL-016597,0.06162749476925715
POL-016598,0.13234765222973383
POL-016599,0.08288987470137657
POL-016600,0.13441897194355554
POL-016601,0.055984258230784636
POL-016602,0.15992147801979312
POL-016603,0.13093461863518957
POL-016604,0.06670726955622422
POL-016605,0.13126156453264806
POL-016606,0.05062889377882768
POL-016607,0.05015610933248865
POL-016608,0.15835620089013758
POL-016609,0.05908600660294239
POL-016610,0.10991901415871394
POL-016611,0.0992602257857406
POL-016612,0.08514289353993552
POL-016613,0.05980641901459349
POL-016614,0.13702422028042202
POL-016615,0.041290726765008015
POL-016616,0.09793851995096108
POL-016617,0.14450635880784926
POL-016618,0.06237317192585921
POL-016619,0.0372020963965564
POL-016620,0.17930494162683525
POL-016621,0.09965402440024425
POL-016622,0.158895057956846
POL-016623,0.137578899817886
POL-016624,0.12911957287509004
POL-016625,0.1002171500180519
POL-016626,0.12484042815825536
POL-016627,0.06896721284112829
POL-016628,0.134769146480405
POL-016629,0.12825734288301852
POL-016630,0.048884364975355435
POL-016631,0.14329614426286041
POL-016632,0.08942762572658383
POL-016633,0.030741607977757
POL-016634,0.12105692961139851
POL-016635,0.07719726388788258
POL-016636,0.03756005620883932
POL-016637,0.08836945045734215
POL-016638,0.06820212413697604
POL-016639,0.08619940149981094
POL-016640,0.12518476902415138
POL-016641,0.0725827340633417
POL-016642,0.08532021598012743
POL-016643,0.10329213930742683
POL-016644,0.03589960998634789
POL-016645,0.10926887436721171
POL-016646,0.10333538918954735
POL-016647,0.21743750503094614
POL-016648,0.1588230982764019
POL-016649,0.05240683576809639
POL-016650,0.1322789687035631
POL-016651,0.032682756949861454
POL-016652,0.1755716647666258
POL-016653,0.112825209562196
POL-016654,0.16223533978695526
POL-016655,0.13607410234703893
POL-016656,0.05821761397477443
POL-016657,0.1206510713885974
POL-016658,0.10946399680966279
POL-016659,0.10124623240976238
POL-016660,0.08597223976512425
POL-016661,0.047549053972935296
POL-016662,0.03446120372182814
POL-016663,0.19449060617657404
POL-016664,0.11163134148881056
POL-016665,0.0498184608920076
POL-016666,0.06174264720722915
POL-016667,0.21005515118014517
POL-016668,0.0399965271394657
POL-016669,0.09224962861514048
POL-016670,0.04637754505817533
POL-016671,0.1526293036542552
POL-016672,0.10114131838108549
POL-016673,0.06732434004179691
POL-016674,0.061499666828221444
POL-016675,0.18840009903148924
POL-016676,0.13447978769793376
POL-016677,0.07099522431948453
POL-016678,0.1723592002439012
POL-016679,0.09230387573344134
POL-016680,0.11729236169780996
POL-016681,0.05210098676963747
POL-016682,0.11871562919269582
POL-016683,0.06844710773100522
POL-016684,0.1031664822879846
POL-016685,0.10620652993818462
POL-016686,0.051285136097330916
POL-016687,0.024176798492125708
POL-016688,0.10794876623510352
POL-016689,0.09363331709339832
POL-016690,0.0364300994989725
POL-016691,0.06288245069363896
POL-016692,0.18990547090404347
POL-016693,0.20466879945633445
POL-016694,0.09241020341086456
POL-016695,0.09469470595507334
POL-016696,0.06225446937131004
POL-016697,0.06157142054550878
POL-016698,0.0646187569802512
POL-016699,0.106992529355148
POL-016700,0.0379944907944319
POL-016701,0.11784374082708453
POL-016702,0.08761310911546209
POL-016703,0.20372275875296392
POL-016704,0.1336507282982755
POL-016705,0.07624759069689765
POL-016706,0.17814832656642315
POL-016707,0.050640358573530594
POL-016708,0.15604912274698743
POL-016709,0.04591141920251935
POL-016710,0.10441864403567706
POL-016711,0.05632725160276738
POL-016712,0.044629941542974484
POL-016713,0.1014978774666849
POL-016714,0.09532564222921605
POL-016715,0.0673336148883246
POL-016716,0.12846593710640083
POL-016717,0.08634814751993085
POL-016718,0.17724510894476941
POL-016719,0.044048149608876985
POL-016720,0.09313557721233645
POL-016721,0.17253495953275674
POL-016722,0.08257671649746098
POL-016723,0.05709071244812338
POL-016724,0.08293462422835944
POL-016725,0.087896865670657
POL-016726,0.09242524593193464
POL-016727,0.0935059755324773
POL-016728,0.0698061315458769
POL-016729,0.1052689963805026
POL-016730,0.09384016356922054
POL-016731,0.05623398190852476
POL-016732,0.1475407121044533
POL-016733,0.11466836486457739
POL-016734,0.049200889790191424
POL-016735,0.04602691241460567
POL-016736,0.15951221044697572
POL-016737,0.12491851414287516
POL-016738,0.0916001283207269
POL-016739,0.06398047782172653
POL-016740,0.09562105900951143
POL-016741,0.13291741704051868
POL-016742,0.09747385293257557
POL-016743,0.09847167763970506
POL-016744,0.09809858618902961
POL-016745,0.04013172646695919
POL-016746,0.33303246554374943
POL-016747,0.07005417305189779
POL-016748,0.05828394972232548
POL-016749,0.07829273001304668
POL-016750,0.07205458316508566
POL-016751,0.03369193989986135
POL-016752,0.12048268494142293
POL-016753,0.045604058350621215
POL-016754,0.12032068306749336
POL-016755,0.06222964505971884
POL-016756,0.0771177807308237
POL-016757,0.10954589657799314
POL-016758,0.15759625977963831
POL-016759,0.15923828524376712
POL-016760,0.23489362390595195
POL-016761,0.16926862614868302
POL-016762,0.03639238419591184
POL-016763,0.1143867941363669
POL-016764,0.08178054090503979
POL-016765,0.07021061192108739
POL-016766,0.17538127463560402
POL-016767,0.0766129009280201
POL-016768,0.12811825463632454
POL-016769,0.06206873570016869
POL-016770,0.09010394343074035
POL-016771,0.13373448463961185
POL-016772,0.16282360189898845
POL-016773,0.08323488687755856
POL-016774,0.055587004954202344
POL-016775,0.10084047507769793
POL-016776,0.05788662107266984
POL-016777,0.2871340605734184
POL-016778,0.092000299570773
POL-016779,0.10168982751599201
POL-016780,0.08770290985499771
POL-016781,0.08971271211418433
POL-016782,0.1303580637619249
POL-016783,0.1001792043333273
POL-016784,0.04467415087270512
POL-016785,0.073644997007872
POL-016786,0.09073070549570834
POL-016787,0.09489202252706948
POL-016788,0.05202468055967062
POL-016789,0.2991549771967891
POL-016790,0.07928328804140633
POL-016791,0.058773088179751756
POL-016792,0.043752644159630545
POL-016793,0.06626677426070639
POL-016794,0.0550046107148483
POL-016795,0.0920317339673066
POL-016796,0.12548797364565037
POL-016797,0.08259186648940492
POL-016798,0.06491720603769255
POL-016799,0.14323429735642357
POL-016800,0.03967601878217243
POL-016801,0.05912888610737892
POL-016802,0.08599594383190842
POL-016803,0.07439549834619814
POL-016804,0.09582129972927327
POL-016805,0.11031972406778105
POL-016806,0.07040648798295465
POL-016807,0.09219642118099802
POL-016808,0.10459005666990306
POL-016809,0.08961031676627115
POL-016810,0.04748416046729524
POL-016811,0.05609655792578281
POL-016812,0.0391242483933331
POL-016813,0.04112660730007032
POL-016814,0.08808861710493471
POL-016815,0.14384173780825588
POL-016816,0.24560575359272505
POL-016817,0.04774311255284985
POL-016818,0.060018347985625234
POL-016819,0.06395819195330638
POL-016820,0.06133667740052819
POL-016821,0.14461578491338842
POL-016822,0.020441818265386144
POL-016823,0.0656242594672316
POL-016824,0.023968499519016712
POL-016825,0.06649502768297816
POL-016826,0.07697662483703151
POL-016827,0.10635424908623206
POL-016828,0.08999738440954168
POL-016829,0.08092209735333675
POL-016830,0.07395574827394066
POL-016831,0.11340794600165141
POL-016832,0.10252253999146546
POL-016833,0.17151949233627972
POL-016834,0.06383036334689843
POL-016835,0.08405163897069365
POL-016836,0.06249000331040923
POL-016837,0.13115302140789706
POL-016838,0.08587871795840421
POL-016839,0.03135544346231933
POL-016840,0.07034526395279912
POL-016841,0.1239127368360223
POL-016842,0.054511630234102396
POL-016843,0.06747150486760792
POL-016844,0.0790018768417868
POL-016845,0.08757698011457705
POL-016846,0.14243202530963966
POL-016847,0.11176775942484578
POL-016848,0.0754009292539285
POL-016849,0.11251777622155427
POL-016850,0.07715315487180903
POL-016851,0.11993131853145544
POL-016852,0.09233605484422706
POL-016853,0.08865453526347285
POL-016854,0.056153555896168474
POL-016855,0.16126253203831561
POL-016856,0.10295841895018976
POL-016857,0.10619747328661693
POL-016858,0.0678556958922745
POL-016859,0.08714432669742536
POL-016860,0.08238407246196126
POL-016861,0.08154389412939236
POL-016862,0.04749390552502401
POL-016863,0.08801790645768126
POL-016864,0.020616894091836084
POL-016865,0.11617341976955367
POL-016866,0.2448786125091716
POL-016867,0.13684406236260332
POL-016868,0.16425223501712008
POL-016869,0.10629175798022024
POL-016870,0.12237458593479458
POL-016871,0.08627760705986136
POL-016872,0.10557179146811879
POL-016873,0.16898025468119376
POL-016874,0.06844671520132391
POL-016875,0.09480524169900602
POL-016876,0.08895276300178487
POL-016877,0.056717309095283316
POL-016878,0.06881120739206183
POL-016879,0.0517313638233864
POL-016880,0.08929989769598315
POL-016881,0.055828922230385804
POL-016882,0.0584978534819983
POL-016883,0.10211915410158197
POL-016884,0.0423841423185526
POL-016885,0.10799311153654871
POL-016886,0.1014630649520905
POL-016887,0.08207709134153755
POL-016888,0.07479705581588705
POL-016889,0.1274523931145018
POL-016890,0.08069623042372466
POL-016891,0.11996138461572366
POL-016892,0.12712183240732994
POL-016893,0.08973734561300546
POL-016894,0.23892392002210353
POL-016895,0.0371718424613388
POL-016896,0.06985189638256438
POL-016897,0.1528121075133862
POL-016898,0.12300232112107175
POL-016899,0.17717602428452542
POL-016900,0.09636521317822211
POL-016901,0.08543472359414117
POL-016902,0.08461684417268513
POL-016903,0.1823767341523422
POL-016904,0.1276138214212342
POL-016905,0.05486725272313708
POL-016906,0.0777300338564133
POL-016907,0.08250164292489992
POL-016908,0.09344835817539576
POL-016909,0.09668956153659986
POL-016910,0.11626132078425341
POL-016911,0.09817953618298995
POL-016912,0.09842434731945618
POL-016913,0.040680447656198396
POL-016914,0.06865496942276914
POL-016915,0.3070142390242316
POL-016916,0.15283875891648516
POL-016917,0.07703942358072366
POL-016918,0.022029445362860573
POL-016919,0.05009986736057459
POL-016920,0.10319257710609395
POL-016921,0.13206748859094278
POL-016922,0.03184093530715471
POL-016923,0.10748980963671902
POL-016924,0.12873664068445362
POL-016925,0.1482297558825548
POL-016926,0.06205827318731281
POL-016927,0.0532945059412835
POL-016928,0.13889046052136983
POL-016929,0.07804028036381963
POL-016930,0.11688656718483421
POL-016931,0.06200344379564694
POL-016932,0.03387606667407626
POL-016933,0.10155313167101099
POL-016934,0.07409347702142326
POL-016935,0.035294744853560454
POL-016936,0.031663635659289126
POL-016937,0.09062626261569118
POL-016938,0.09895279331790995
POL-016939,0.20426419676339536
POL-016940,0.0891363967386776
POL-016941,0.0596918290321292
POL-016942,0.07274385861801694
POL-016943,0.06027399389527223
POL-016944,0.06367326955301437
POL-016945,0.06974490051448715
POL-016946,0.09224280842071575
POL-016947,0.027669733719976348
POL-016948,0.14408996791260298
POL-016949,0.09562611581179417
POL-016950,0.08396208030598167
POL-016951,0.10897431450867652
POL-016952,0.07178812539072607
POL-016953,0.08463269128626219
POL-016954,0.058504099377353305
POL-016955,0.11133729598534321
POL-016956,0.10484199077788955
POL-016957,0.09339408138426834
POL-016958,0.04029431452291319
POL-016959,0.1415401930568144
POL-016960,0.09645572722485697
POL-016961,0.10155265568525813
POL-016962,0.16301115440780706
POL-016963,0.0889314518931268
POL-016964,0.08730810034604045
POL-016965,0.06627065309503216
POL-016966,0.09278774122201257
POL-016967,0.05355584527305115
POL-016968,0.08768383607139205
POL-016969,0.11488259631670583
POL-016970,0.11642722003404278
POL-016971,0.090093469084755
POL-016972,0.14841065739643855
POL-016973,0.16495430540362033
POL-016974,0.13908133750504487
POL-016975,0.023291433024292686
POL-016976,0.06856855438301575
POL-016977,0.20225602407819174
POL-016978,0.05577702062019837
POL-016979,0.0531569085117913
POL-016980,0.1810997255126707
POL-016981,0.06953582800178276
POL-016982,0.1468727677639245
POL-016983,0.055457585764573415
POL-016984,0.1174537842120497
POL-016985,0.06601361418105126
POL-016986,0.12992494452725345
POL-016987,0.06818390758697587
POL-016988,0.10147922633559255
POL-016989,0.047501602959139064
POL-016990,0.07715869049339484
POL-016991,0.042150592891665985
POL-016992,0.1508718628403508
POL-016993,0.18491759077847575
POL-016994,0.14920060420925105
POL-016995,0.03557346724823057
POL-016996,0.08118716816497129
POL-016997,0.07743275686306596
POL-016998,0.05066836283255718
POL-016999,0.10118512329358822
POL-017000,0.0844796311314612
POL-017001,0.05876290789251639
POL-017002,0.07065878568079412
POL-017003,0.20401375501587876
POL-017004,0.044047373308196046
POL-017005,0.057541446721265974
POL-017006,0.09642685792180511
POL-017007,0.11016878248726072
POL-017008,0.04996043192391383
POL-017009,0.08232473208636937
POL-017010,0.04046896169517774
POL-017011,0.11116574709585994
POL-017012,0.03320500637916886
POL-017013,0.06156782186051046
POL-017014,0.08430556426267262
POL-017015,0.11650494512889467
POL-017016,0.18083117893675263
POL-017017,0.061288204671306544
POL-017018,0.1808278447195092
POL-017019,0.06993737059957605
POL-017020,0.23690917258456073
POL-017021,0.09806605745283885
POL-017022,0.08449671401247175
POL-017023,0.06858997120219648
POL-017024,0.09255294541041256
POL-017025,0.12563845165555745
POL-017026,0.02546294399603133
POL-017027,0.08362351108052565
POL-017028,0.1177050578906677
POL-017029,0.13911544239028237
POL-017030,0.12476033436907888
POL-017031,0.12579391788223646
POL-017032,0.11566131100332792
POL-017033,0.13025360773046601
POL-017034,0.11262358414461633
POL-017035,0.04679030270575688
POL-017036,0.09151807029957955
POL-017037,0.06442864095013962
POL-017038,0.11728026058717197
POL-017039,0.09722703473282898
POL-017040,0.13680792267968572
POL-017041,0.06584225629068272
POL-017042,0.2145359960242456
POL-017043,0.05040912255628124
POL-017044,0.08298293029814778
POL-017045,0.10374358788314841
POL-017046,0.07702233994719941
POL-017047,0.25455271988146067
POL-017048,0.17275259308354035
POL-017049,0.09562470501316311
POL-017050,0.07797994010052642
POL-017051,0.07862226775722177
POL-017052,0.0730327358305961
POL-017053,0.17802162257769355
POL-017054,0.10276368234761266
POL-017055,0.08634857627956927
POL-017056,0.037678981298063366
POL-017057,0.059259841234197676
POL-017058,0.026000563183023545
POL-017059,0.08664899739670895
POL-017060,0.060620187296326476
POL-017061,0.08544863282297402
POL-017062,0.06226244719650529
POL-017063,0.27541702353114317
POL-017064,0.20189497151415056
POL-017065,0.2165040005049886
POL-017066,0.022422081605637224
POL-017067,0.14056268210408424
POL-017068,0.13715651347141883
POL-017069,0.13249676415421804
POL-017070,0.10941385318268788
POL-017071,0.09202614063772657
POL-017072,0.10652996378306104
POL-017073,0.09370176934271945
POL-017074,0.12370967773413011
POL-017075,0.08951602405450002
POL-017076,0.05506558779563656
POL-017077,0.12862030108803613
POL-017078,0.06807366774103212
POL-017079,0.15907041281242443
POL-017080,0.13712648232866959
POL-017081,0.06310371734482019
POL-017082,0.0819553690312971
POL-017083,0.05339232446588212
POL-017084,0.06749414654092964
POL-017085,0.12635075186069572
POL-017086,0.07565939765540859
POL-017087,0.19984796906398658
POL-017088,0.13172873510287553
POL-017089,0.126210633017027
POL-017090,0.09583972808324381
POL-017091,0.07151430022779844
POL-017092,0.07155310020380785
POL-017093,0.09489649030868134
POL-017094,0.08203062785777095
POL-017095,0.10986771908571144
POL-017096,0.12329788965737346
POL-017097,0.042286132192426114
POL-017098,0.09831512558054693
POL-017099,0.11714351803678069
POL-017100,0.08170149760769192
POL-017101,0.12884804074589198
POL-017102,0.09747553650822745
POL-017103,0.1716984612615634
POL-017104,0.07920962556245588
POL-017105,0.04434808765281715
POL-017106,0.10849048872812905
POL-017107,0.08262659062735547
POL-017108,0.11517619308416438
POL-017109,0.07567929915104898
POL-017110,0.08259283170020533
POL-017111,0.07834777317853239
POL-017112,0.10286785040947335
POL-017113,0.043747437445061335
POL-017114,0.09363347193876885
POL-017115,0.049552402854480385
POL-017116,0.15581460343290182
POL-017117,0.0522836795324201
POL-017118,0.08754477814570867
POL-017119,0.07302887747482625
POL-017120,0.0696307218379015
POL-017121,0.12110566981212882
POL-017122,0.04625756445968344
POL-017123,0.14141280759756378
POL-017124,0.08903849957148542
POL-017125,0.06236155926953255
POL-017126,0.026195868198800053
POL-017127,0.1787507421867499
POL-017128,0.08027436537852192
POL-017129,0.08160610785297889
POL-017130,0.14356780037197375
POL-017131,0.07832030639070824
POL-017132,0.1433027955368679
POL-017133,0.08160102141447931
POL-017134,0.1167796903873064
POL-017135,0.18790733105355115
POL-017136,0.1527208874046619
POL-017137,0.06384918870121684
POL-017138,0.08329431868469314
POL-017139,0.05569724447583295
POL-017140,0.13772978387580578
POL-017141,0.09882394008697001
POL-017142,0.14173262767952588
POL-017143,0.06833916844496209
POL-017144,0.04825846686043409
POL-017145,0.12811689427801873
POL-017146,0.03734755091411663
POL-017147,0.1257104405665972
POL-017148,0.0890449024128055
POL-017149,0.043739863887926014
POL-017150,0.10088710136088685
POL-017151,0.07970508406415175
POL-017152,0.2026034196098153
POL-017153,0.05234086128331648
POL-017154,0.05418536832453501
POL-017155,0.06206542149091404
POL-017156,0.04200300110379027
POL-017157,0.07880319522273052
POL-017158,0.24164221977944203
POL-017159,0.05235598205963636
POL-017160,0.06985909333995757
POL-017161,0.1602277275141318
POL-017162,0.12449831778291928
POL-017163,0.12148709093388121
POL-017164,0.03527025912333792
POL-017165,0.0625085535621325
POL-017166,0.034623500635384455
POL-017167,0.055284817866103605
POL-017168,0.07760378327280767
POL-017169,0.16869768205133523
POL-017170,0.11626943606979101
POL-017171,0.07860598741432992
POL-017172,0.10616698061284724
POL-017173,0.0525984340521517
POL-017174,0.10160232728622416
POL-017175,0.03544442656648438
POL-017176,0.06821041508699846
POL-017177,0.05978763647647001
POL-017178,0.10633714884053902
POL-017179,0.0587892876366915
POL-017180,0.07087045741778931
POL-017181,0.09689302420407431
POL-017182,0.03615253170905253
POL-017183,0.18678532512974771
POL-017184,0.10793348268677308
POL-017185,0.10672998150730977
POL-017186,0.14377703803199
POL-017187,0.14983927352002144
POL-017188,0.10140016921356745
POL-017189,0.04210041378687634
POL-017190,0.11708201244309382
POL-017191,0.06121118782545325
POL-017192,0.15246168151419875
POL-017193,0.18085452946586025
POL-017194,0.07599745910869499
POL-017195,0.10492917868031523
POL-017196,0.11594246836725244
POL-017197,0.1977210035085611
POL-017198,0.12305049997227924
POL-017199,0.12145264088503775
POL-017200,0.1516474682366272
POL-017201,0.0976709886859186
POL-017202,0.15629098756441762
POL-017203,0.07371627455083266
POL-017204,0.26289261787742624
POL-017205,0.06531575208444532
POL-017206,0.16208210751837598
POL-017207,0.07232036079111473
POL-017208,0.04746608387696024
POL-017209,0.03408190078838159
POL-017210,0.12720171480434767
POL-017211,0.07007605578919636
POL-017212,0.09834018319898227
POL-017213,0.177311220547615
POL-017214,0.05067173092025874
POL-017215,0.0714484802306473
POL-017216,0.10015509653610263
POL-017217,0.12407440955424609
POL-017218,0.13609384595506133
POL-017219,0.07531233543874234
POL-017220,0.0483303627930298
POL-017221,0.08577197649259491
POL-017222,0.07456442851954093
POL-017223,0.06905397569379072
POL-017224,0.044445201115805126
POL-017225,0.1302554534542189
POL-017226,0.14894596726972717
POL-017227,0.05832937614059801
POL-017228,0.13584900260205188
POL-017229,0.14438648614677158
POL-017230,0.0932789847393086
POL-017231,0.26517330506421394
POL-017232,0.1448803202600676
POL-017233,0.059749081844402044
POL-017234,0.08937910859960939
POL-017235,0.05742349802550619
POL-017236,0.06971007560042664
POL-017237,0.08559077302638993
POL-017238,0.15332140444541997
POL-017239,0.07852157939035546
POL-017240,0.05772321798942877
POL-017241,0.04282124159391766
POL-017242,0.12716541137929027
POL-017243,0.08032925545648206
POL-017244,0.16918387343054658
POL-017245,0.09040050022133476
POL-017246,0.04453107711696965
POL-017247,0.05222611533640366
POL-017248,0.07508639357414444
POL-017249,0.11959926377876866
POL-017250,0.040330189436411826
POL-017251,0.07725066239612531
POL-017252,0.0501561868700391
POL-017253,0.07413371227948136
POL-017254,0.1138342238385441
POL-017255,0.16613998460261778
POL-017256,0.07032244405552768
POL-017257,0.1020936239008812
POL-017258,0.04236553892096443
POL-017259,0.09706763542349188
POL-017260,0.03826313496222085
POL-017261,0.08103640072902349
POL-017262,0.051958731420106596
POL-017263,0.1281512706719379
POL-017264,0.05283982343664859
POL-017265,0.09346688632226864
POL-017266,0.05524883740578135
POL-017267,0.07615599853904974
POL-017268,0.06871527414679045
POL-017269,0.06334263076122697
POL-017270,0.09251823153501437
POL-017271,0.12231130646416195
POL-017272,0.09302034279636964
POL-017273,0.058890873035656786
POL-017274,0.06724774439264555
POL-017275,0.050714600873009365
POL-017276,0.03842881915885734
POL-017277,0.13673938109702338
POL-017278,0.08260006380075884
POL-017279,0.24249725016252696
POL-017280,0.12935313805770204
POL-017281,0.10909518688562692
POL-017282,0.13203519703305758
POL-017283,0.13860038290700877
POL-017284,0.04680445085019027
POL-017285,0.06049382229357466
POL-017286,0.07848649071382033
POL-017287,0.11556227466183433
POL-017288,0.05243844435343927
POL-017289,0.06283448904436091
POL-017290,0.0325827155857891
POL-017291,0.14364826575874584
POL-017292,0.057505080120593986
POL-017293,0.03105164271783682
POL-017294,0.0966313534108548
POL-017295,0.08140732096939637
POL-017296,0.09051671782628765
POL-017297,0.0930579747211874
POL-017298,0.11222091839255591
POL-017299,0.10631795117523506
POL-017300,0.06453124045671918
POL-017301,0.19639521196425755
POL-017302,0.05752886250582927
POL-017303,0.10989255942575768
POL-017304,0.09531598708984809
POL-017305,0.1572937861201745
POL-017306,0.15586021454631757
POL-017307,0.28754003865705824
POL-017308,0.057773577619021986
POL-017309,0.1366659144220974
POL-017310,0.03321151670184043
POL-017311,0.16518370104205715
POL-017312,0.0996671773084499
POL-017313,0.09798444834720924
POL-017314,0.07586913842830234
POL-017315,0.07126141310709179
POL-017316,0.03369720823989171
POL-017317,0.03835742906416762
POL-017318,0.11930385609215462
POL-017319,0.07119378139034174
POL-017320,0.09757134270109588
POL-017321,0.16576397972756016
POL-017322,0.15143530094480656
POL-017323,0.09025216373575376
POL-017324,0.06859803719097693
POL-017325,0.15599209850439882
POL-017326,0.06483841302699873
POL-017327,0.10365288643402508
POL-017328,0.0306617772706837
POL-017329,0.08429362269093332
POL-017330,0.06701238471841925
POL-017331,0.06838009302752604
POL-017332,0.15087709428782814
POL-017333,0.11729184839973306
POL-017334,0.04996735820864693
POL-017335,0.035717119910599
POL-017336,0.06634208820285785
POL-017337,0.14934299824797073
POL-017338,0.044230961579791506
POL-017339,0.03262376510707079
POL-017340,0.07140667937408673
POL-017341,0.16059916450843456
POL-017342,0.1753432953617063
POL-017343,0.055678807499420314
POL-017344,0.04267742699473292
POL-017345,0.061351631995853605
POL-017346,0.04705723600125604
POL-017347,0.04903921234817886
POL-017348,0.0876075798713049
POL-017349,0.07963437260830147
POL-017350,0.013230432591367114
POL-017351,0.15832276626071798
POL-017352,0.05744555487261719
POL-017353,0.11275787274247817
POL-017354,0.11395650569402938
POL-017355,0.049668667261726696
POL-017356,0.0725768275808805
POL-017357,0.1218950246730286
POL-017358,0.08426971808926598
POL-017359,0.09189454167682468
POL-017360,0.10524245079622348
POL-017361,0.0407043607562359
POL-017362,0.2563299098265284
POL-017363,0.13676099757187504
POL-017364,0.04589817389499028
POL-017365,0.12409395365173008
POL-017366,0.030216090765450104
POL-017367,0.09538422257112206
POL-017368,0.16876782763694037
POL-017369,0.08269484783997834
POL-017370,0.054153948460946635
POL-017371,0.11001930229249526
POL-017372,0.1361460646219111
POL-017373,0.07905826562297161
POL-017374,0.15324463460845852
POL-017375,0.11339398140407167
POL-017376,0.09161183997877717
POL-017377,0.16395655276650933
POL-017378,0.16707738926890697
POL-017379,0.1496726185829803
POL-017380,0.1524384456521198
POL-017381,0.07092523977017708
POL-017382,0.08229353426237959
POL-017383,0.06709849076269807
POL-017384,0.1875671885959805
POL-017385,0.09813400637809518
POL-017386,0.06056220314100069
POL-017387,0.1242541542708611
POL-017388,0.059338746434551226
POL-017389,0.2344213012242009
POL-017390,0.18944024859814598
POL-017391,0.08805633649783651
POL-017392,0.07796739248808561
POL-017393,0.215776459868747
POL-017394,0.11072094692830362
POL-017395,0.08268854047610956
POL-017396,0.09728812501881388
POL-017397,0.0558711521672853
POL-017398,0.09660791333654
POL-017399,0.04916577477904467
POL-017400,0.05748755654042359
POL-017401,0.07932732001789083
POL-017402,0.09823714003796577
POL-017403,0.06212291513538172
POL-017404,0.08127926908361427
POL-017405,0.06223637424081827
POL-017406,0.07346047057201557
POL-017407,0.0571670089924093
POL-017408,0.18336004999568695
POL-017409,0.08275280641195451
POL-017410,0.3290921250148513
POL-017411,0.02574356499726077
POL-017412,0.07583873921517806
POL-017413,0.09141644889333124
POL-017414,0.13540470949519542
POL-017415,0.06844776858931975
POL-017416,0.03700214659589572
POL-017417,0.04367587560968787
POL-017418,0.04328920187562438
POL-017419,0.06661647992219565
POL-017420,0.14735187858073365
POL-017421,0.062129156230874893
POL-017422,0.13030179958107502
POL-017423,0.08184245330529949
POL-017424,0.08327773980102504
POL-017425,0.12328405715291815
POL-017426,0.1295782948724515
POL-017427,0.04344252247537157
POL-017428,0.10525493897845398
POL-017429,0.0848108043234492
POL-017430,0.05805068521819159
POL-017431,0.06633683580390866
POL-017432,0.18499579675689964
POL-017433,0.06655142423800102
POL-017434,0.08327998381518632
POL-017435,0.04876154894669564
POL-017436,0.13549862692264508
POL-017437,0.10308427647984049
POL-017438,0.1279208935745212
POL-017439,0.20486695287334417
POL-017440,0.05977510676342901
POL-017441,0.19297123317651382
POL-017442,0.08426658183308412
POL-017443,0.07943611953817856
POL-017444,0.08785632470298368
POL-017445,0.09453904787001917
POL-017446,0.042180632879857856
POL-017447,0.15457913471031
POL-017448,0.04201821757396542
POL-017449,0.06458164884144392
POL-017450,0.1662299287231571
POL-017451,0.09490730100918829
POL-017452,0.0890883915670719
POL-017453,0.14783960438430235
POL-017454,0.048098996423256254
POL-017455,0.1530139492164731
POL-017456,0.03274809911762479
POL-017457,0.08468454408203845
POL-017458,0.09903300322932952
POL-017459,0.09505078548899505
POL-017460,0.07781410468408004
POL-017461,0.08949788162146932
POL-017462,0.1607023312358425
POL-017463,0.14419964212263955
POL-017464,0.0916679934936732
POL-017465,0.048937430278431025
POL-017466,0.05153784147888975
POL-017467,0.10764613869132904
POL-017468,0.11620924987193346
POL-017469,0.12208421459858539
POL-017470,0.09427388955079465
POL-017471,0.07189262709716181
POL-017472,0.06398866261025817
POL-017473,0.11874311285883513
POL-017474,0.09719605830437694
POL-017475,0.11969244901032046
POL-017476,0.174987207133324
POL-017477,0.2112450781736693
POL-017478,0.0022648385904070352
POL-017479,0.10745213690342989
POL-017480,0.10266546331587109
POL-017481,0.04410522888141832
POL-017482,0.05829607416957703
POL-017483,0.06172222128734543
POL-017484,0.07884290489486792
POL-017485,0.09714080171532681
POL-017486,0.122287026006239
POL-017487,0.1488692156406097
POL-017488,0.09755531240509133
POL-017489,0.07393482537327542
POL-017490,0.10978057540055557
POL-017491,0.07364233236421006
POL-017492,0.095534961591785
POL-017493,0.06545913398119595
POL-017494,0.09160868370226148
POL-017495,0.1227178170321288
POL-017496,0.17315349594362148
POL-017497,0.07134295976037744
POL-017498,0.06660933024452212
POL-017499,0.0964242716354264
POL-017500,0.10865142578698876
POL-017501,0.16662131778593703
POL-017502,0.10238039169222335
POL-017503,0.05291736524021144
POL-017504,0.044987735194404195
POL-017505,0.050813792701224395
POL-017506,0.08152463522028257
POL-017507,0.05180474454228871
POL-017508,0.1375297395553444
POL-017509,0.05149143127924218
POL-017510,0.14297657820803752
POL-017511,0.09326328226755605
POL-017512,0.16944342404715473
POL-017513,0.05196803644391044
POL-017514,0.050378813862280415
POL-017515,0.05992579724895538
POL-017516,0.06843136371873208
POL-017517,0.15982556607712284
POL-017518,0.06547932425421626
POL-017519,0.07852305864306242
POL-017520,0.0358041691985457
POL-017521,0.07732652678465714
POL-017522,0.09265209573328329
POL-017523,0.14070915748515583
POL-017524,0.05603743258060776
POL-017525,0.1372134080905793
POL-017526,0.09962138328328093
POL-017527,0.13021999348028093
POL-017528,0.048982617011153064
POL-017529,0.12019763067530612
POL-017530,0.07580696644278093
POL-017531,0.09192233199586765
POL-017532,0.10339234260190042
POL-017533,0.10761798431903909
POL-017534,0.18102696051206404
POL-017535,0.06996383971974243
POL-017536,0.043405143274773815
POL-017537,0.05600704271398843
POL-017538,0.10518262306951791
POL-017539,0.1342065421740784
POL-017540,0.06608558164630715
POL-017541,0.07374374396824405
POL-017542,0.06500066558800831
POL-017543,0.05788626871925728
POL-017544,0.04211660877424347
POL-017545,0.023333348093288336
POL-017546,0.07173931036478179
POL-017547,0.07803196962634557
POL-017548,0.1478327627280443
POL-017549,0.11168569737565151
POL-017550,0.12508176115800146
POL-017551,0.0962060888173633
POL-017552,0.03486968492908091
POL-017553,0.07176031101925313
POL-017554,0.05001998321512968
POL-017555,0.13236672222686063
POL-017556,0.0752832170145418
POL-017557,0.11113827483158292
POL-017558,0.06726576500816547
POL-017559,0.13557926346617924
POL-017560,0.06711180365981316
POL-017561,0.21562448687080002
POL-017562,0.05110796196977674
POL-017563,0.059484152168052085
POL-017564,0.09858927461104436
POL-017565,0.08774481962460279
POL-017566,0.06483051751474048
POL-017567,0.11803188943713627
POL-017568,0.09739667624854773
POL-017569,0.09190858284994693
POL-017570,0.13380758516381677
POL-017571,0.10030172696965738
POL-017572,0.03800363551348731
POL-017573,0.027489883591908477
POL-017574,0.09718151443963466
POL-017575,0.06314997979703671
POL-017576,0.1741623444514536
POL-017577,0.05477448255628266
POL-017578,0.04497472230847064
POL-017579,0.13316515200209908
POL-017580,0.1341434080887804
POL-017581,0.10525965452127521
POL-017582,0.06006138380780065
POL-017583,0.0961913873111884
POL-017584,0.13413616104816764
POL-017585,0.044956221056389446
POL-017586,0.09720412897824489
POL-017587,0.1476524591316816
POL-017588,0.09707551067632632
POL-017589,0.12657628524932124
POL-017590,0.14640645354310125
POL-017591,0.0670766534559227
POL-017592,0.0919130909270071
POL-017593,0.06820725837657625
POL-017594,0.1097195133887496
POL-017595,0.1152261187598814
POL-017596,0.11858835909275973
POL-017597,0.078466038115175
POL-017598,0.032364934614728
POL-017599,0.07605597815570081
POL-017600,0.18566432616348208
POL-017601,0.10319595826206104
POL-017602,0.042337183108274154
POL-017603,0.04724170093709199
POL-017604,0.073199811743492
POL-017605,0.058513628608664256
POL-017606,0.04553727235436064
POL-017607,0.030823657191876887
POL-017608,0.043238500236564184
POL-017609,0.08480004238818031
POL-017610,0.11568053612647547
POL-017611,0.08986573672322458
POL-017612,0.10120646559628912
POL-017613,0.169993660759911
POL-017614,0.09072338596177046
POL-017615,0.14581986232424385
POL-017616,0.07147208579884679
POL-017617,0.060846854697121554
POL-017618,0.06667528929392623
POL-017619,0.1866746525367879
POL-017620,0.1263317506551007
POL-017621,0.11390398055837733
POL-017622,0.20528633801140214
POL-017623,0.19299069292247834
POL-017624,0.1175484182994591
POL-017625,0.04536169864141417
POL-017626,0.07773970221354039
POL-017627,0.13558428924516647
POL-017628,0.07631714544331773
POL-017629,0.1778542430706101
POL-017630,0.08937655687224137
POL-017631,0.20584996532430547
POL-017632,0.05716206951864332
POL-017633,0.17138279160808587
POL-017634,0.05954043410441464
POL-017635,0.09606206715098053
POL-017636,0.12801874604459346
POL-017637,0.08519938646367439
POL-017638,0.11333797480467174
POL-017639,0.11292466397749061
POL-017640,0.028531432797399624
POL-017641,0.06642879852187396
POL-017642,0.06075868636225198
POL-017643,0.09986084413481036
POL-017644,0.12019390924897003
POL-017645,0.0866285672422804
POL-017646,0.048290185159981056
POL-017647,0.10287427219647875
POL-017648,0.09390640490021372
POL-017649,0.18260504161607874
POL-017650,0.1330465472738531
POL-017651,0.07355575657604282
POL-017652,0.10307210360195176
POL-017653,0.037807420905025146
POL-017654,0.06744038734516922
POL-017655,0.21293166100875313
POL-017656,0.13353916458435372
POL-017657,0.05838341855055398
POL-017658,0.1254443550178755
POL-017659,0.18346661765905128
POL-017660,0.12931160328042474
POL-017661,0.12726474575666277
POL-017662,0.0764982125678424
POL-017663,0.12929219198271663
POL-017664,0.046628152366392894
POL-017665,0.05929140112426714
POL-017666,0.11901811646258278
POL-017667,0.15044968882898055
POL-017668,0.12589026001266396
POL-017669,0.08946081151636143
POL-017670,0.2899057787560685
POL-017671,0.08920786017864754
POL-017672,0.08269423678765428
POL-017673,0.10734895299538713
POL-017674,0.22570803419886382
POL-017675,0.0617810670130813
POL-017676,0.11680363381473444
POL-017677,0.06538161479866997
POL-017678,0.07519217911088848
POL-017679,0.0443500638724693
POL-017680,0.04603044098781228
POL-017681,0.14518649319456722
POL-017682,0.03552597748303481
POL-017683,0.03702754210887213
POL-017684,0.0708407666960638
POL-017685,0.0897257894122327
POL-017686,0.09349884548138643
POL-017687,0.15267340364628554
POL-017688,0.1667965900972184
POL-017689,0.11072444699441183
POL-017690,0.04331333219899942
POL-017691,0.0823398922918375
POL-017692,0.10572029683444359
POL-017693,0.054928061724211455
POL-017694,0.20446870095877517
POL-017695,0.06610577465907955
POL-017696,0.1350358675206092
POL-017697,0.05677262719219446
POL-017698,0.08273629263153796
POL-017699,0.10595554272904528
POL-017700,0.09024536583500109
POL-017701,0.07978052490923661
POL-017702,0.04606432868640691
POL-017703,0.08232180087453468
POL-017704,0.0927084331401533
POL-017705,0.05107500967069685
POL-017706,0.13452433867345787
POL-017707,0.13296313098242615
POL-017708,0.11763662571063645
POL-017709,0.14788186772625309
POL-017710,0.14274162431287044
POL-017711,0.03448691950485123
POL-017712,0.154865718178287
POL-017713,0.14664821871301653
POL-017714,0.13216396151595233
POL-017715,0.054754803185136924
POL-017716,0.04311941458627187
POL-017717,0.04738664287170858
POL-017718,0.042123716208303685
POL-017719,0.09317729680947545
POL-017720,0.25399893651442507
POL-017721,0.03547206248596986
POL-017722,0.06900248316007977
POL-017723,0.12219904868975857
POL-017724,0.08826318561343868
POL-017725,0.23752111585259955
POL-017726,0.12379891105753829
POL-017727,0.09556399134002816
POL-017728,0.09491195559666946
POL-017729,0.1251336966318362
POL-017730,0.08969220504122712
POL-017731,0.11386300367893525
POL-017732,0.12514250740574034
POL-017733,0.18718689568251912
POL-017734,0.10822773956395397
POL-017735,0.08710641651504142
POL-017736,0.024700272207569384
POL-017737,0.1227867492533915
POL-017738,0.06514747611496373
POL-017739,0.10284280765035729
POL-017740,0.0667918905616609
POL-017741,0.1579388512282253
POL-017742,0.1316337750351208
POL-017743,0.07388714792761941
POL-017744,0.08232487701386057
POL-017745,0.2282681213645469
POL-017746,0.10970577318760918
POL-017747,0.1567521157746544
POL-017748,0.17321210159504657
POL-017749,0.05421531275450135
POL-017750,0.029713856304192866
POL-017751,0.08800081631218461
POL-017752,0.12140607802891554
POL-017753,0.06979075310660525
POL-017754,0.045630060281529064
POL-017755,0.05779964425302375
POL-017756,0.04642225495933169
POL-017757,0.07187621666408288
POL-017758,0.07318421406565398
POL-017759,0.14928284894027524
POL-017760,0.13843936916064334
POL-017761,0.09811273588959339
POL-017762,0.08789644520194025
POL-017763,0.14122126971896473
POL-017764,0.11974974628191008
POL-017765,0.11841460492141251
POL-017766,0.09012375474459175
POL-017767,0.05191939897094977
POL-017768,0.08854292598412132
POL-017769,0.1014279797742631
POL-017770,0.059553965600853034
POL-017771,0.034693629942000384
POL-017772,0.07496921845365144
POL-017773,0.10141866455919446
POL-017774,0.0574204922498162
POL-017775,0.13449078772076517
POL-017776,0.07349583993323075
POL-017777,0.11414197544869131
POL-017778,0.0791226087475311
POL-017779,0.04050169361464907
POL-017780,0.1292083110883152
POL-017781,0.047514653752393075
POL-017782,0.14439572684808333
POL-017783,0.16839869999160384
POL-017784,0.06900944916458487
POL-017785,0.05838604383484243
POL-017786,0.07459564639825979
POL-017787,0.17274859303609152
POL-017788,0.05748772570597631
POL-017789,0.033865172669387045
POL-017790,0.07806514009141272
POL-017791,0.05670651855114783
POL-017792,0.04521981737348631
POL-017793,0.08765727773035217
POL-017794,0.2914963750507738
POL-017795,0.049454334673699446
POL-017796,0.04833480205644421
POL-017797,0.07084445658714011
POL-017798,0.11044957232547023
POL-017799,0.0660191631333506
POL-017800,0.10249665966579627
POL-017801,0.14145183319703833
POL-017802,0.14694015679368935
POL-017803,0.08455248769821855
POL-017804,0.07697521943246652
POL-017805,0.10415726367765558
POL-017806,0.06753518140300453
POL-017807,0.036382675881497295
POL-017808,0.10091570355963057
POL-017809,0.1430485033471911
POL-017810,0.27200505394894126
POL-017811,0.12180910447136753
POL-017812,0.1500697390338563
POL-017813,0.21076838153759309
POL-017814,0.09309986258145231
POL-017815,0.054449349603289156
POL-017816,0.08453138852426165
POL-017817,0.07240727509431465
POL-017818,0.10101257766015073
POL-017819,0.03311410480799286
POL-017820,0.10868736858232761
POL-017821,0.06594003923453247
POL-017822,0.04319922331117805
POL-017823,0.036601519816050324
POL-017824,0.06903471607494381
POL-017825,0.07848608158613304
POL-017826,0.09558862406697484
POL-017827,0.11892067431392703
POL-017828,0.06201107552300665
POL-017829,0.07360704827721423
POL-017830,0.0989754902781818
POL-017831,0.1013141569551089
POL-017832,0.11148744093355316
POL-017833,0.12037933367228937
POL-017834,0.10408260760944929
POL-017835,0.0647583570330466
POL-017836,0.08091489530263607
POL-017837,0.10770369917362428
POL-017838,0.13990111221745358
POL-017839,0.11570215608398889
POL-017840,0.11384454446134637
POL-017841,0.1133057559988389
POL-017842,0.040007081854446944
POL-017843,0.04982218629120555
POL-017844,0.05539748606041761
POL-017845,0.06876000785680711
POL-017846,0.2935410551049837
POL-017847,0.06834037267743891
POL-017848,0.10236235791379573
POL-017849,0.09055971417019268
POL-017850,0.04676053335095665
POL-017851,0.07075793813697338
POL-017852,0.2235374747195523
POL-017853,0.10276611145993964
POL-017854,0.04199503396119219
POL-017855,0.15585134565391814
POL-017856,0.0535034654129256
POL-017857,0.06288306402596795
POL-017858,0.13326363037322064
POL-017859,0.04342056233737789
POL-017860,0.1375364981220746
POL-017861,0.027678842785433526
POL-017862,0.0945814883274094
POL-017863,0.20767783921283395
POL-017864,0.07344667505569105
POL-017865,0.23149400985004318
POL-017866,0.08817989120886362
POL-017867,0.0766360082778793
POL-017868,0.037042201156947355
POL-017869,0.15343086110507184
POL-017870,0.052564958956732154
POL-017871,0.12611906504085177
POL-017872,0.09070845975035745
POL-017873,0.03899021390117656
POL-017874,0.04866996810459269
POL-017875,0.08526053685052344
POL-017876,0.20043985471307746
POL-017877,0.031223330352428014
POL-017878,0.03772472618788639
POL-017879,0.16203264777061813
POL-017880,0.0759492463671976
POL-017881,0.10681797188631666
POL-017882,0.22245092775234315
POL-017883,0.05284482187744044
POL-017884,0.05851873300850556
POL-017885,0.02000131064998667
POL-017886,0.07280480732210873
POL-017887,0.062448465862531576
POL-017888,0.19296603090666742
POL-017889,0.1929698119671209
POL-017890,0.11318629835750471
POL-017891,0.1633483312604745
POL-017892,0.12821542048403353
POL-017893,0.022946228802412753
POL-017894,0.12230711240977046
POL-017895,0.15022926868643083
POL-017896,0.11412178776273371
POL-017897,0.07123453684050843
POL-017898,0.1074182317612419
POL-017899,0.03947943209067982
POL-017900,0.09790720976160897
POL-017901,0.09573650498858757
POL-017902,0.20454198849364694
POL-017903,0.12717986604786685
POL-017904,0.053894062265989626
POL-017905,0.06603456032735452
POL-017906,0.14012694933513314
POL-017907,0.045364693348184396
POL-017908,0.0850064724821655
POL-017909,0.1292596196658949
POL-017910,0.0990559418394628
POL-017911,0.10416756265428248
POL-017912,0.15436978444865027
POL-017913,0.13191847920199884
POL-017914,0.0934454346958469
POL-017915,0.08001371216930855
POL-017916,0.07676560037215933
POL-017917,0.1566852757341361
POL-017918,0.1105888769532255
POL-017919,0.12523813596618166
POL-017920,0.11068316083778576
POL-017921,0.21033246206371983
POL-017922,0.04468243527324214
POL-017923,0.17526520624220676
POL-017924,0.11226380564200147
POL-017925,0.07060419084763206
POL-017926,0.07720120100076262
POL-017927,0.21604350810223086
POL-017928,0.04883363047058697
POL-017929,0.06486236916348294
POL-017930,0.070043320767287
POL-017931,0.09922903894156844
POL-017932,0.12810717415449674
POL-017933,0.16832152776483014
POL-017934,0.11826215504088507
POL-017935,0.09685311649276869
POL-017936,0.060782274035640085
POL-017937,0.26143956061210805
POL-017938,0.11040405636126609
POL-017939,0.07125378123757713
POL-017940,0.08994011849825354
POL-017941,0.022070165675680688
POL-017942,0.1221098818388939
POL-017943,0.07686449699802562
POL-017944,0.11612681155181977
POL-017945,0.12878175291765662
POL-017946,0.07099672487556112
POL-017947,0.20819929170237392
POL-017948,0.04823006753308171
POL-017949,0.1313650138319225
POL-017950,0.061211856007645005
POL-017951,0.04509677553394711
POL-017952,0.11927549407645444
POL-017953,0.06113353108410753
POL-017954,0.09326516413988409
POL-017955,0.23954600411935884
POL-017956,0.09084366402694746
POL-017957,0.07815673132598719
POL-017958,0.060241599319327564
POL-017959,0.0929776546961232
POL-017960,0.15084421262833966
POL-017961,0.11426752166423353
POL-017962,0.05543977077365582
POL-017963,0.04485414913551489
POL-017964,0.07268573618955723
POL-017965,0.08886995489837105
POL-017966,0.0375315832131371
POL-017967,0.07390913883019826
POL-017968,0.1582515174371487
POL-017969,0.2589489629827566
POL-017970,0.10424037768661872
POL-017971,0.2059968836183299
POL-017972,0.09297545857512597
POL-017973,0.09359149964039709
POL-017974,0.10420166412676297
POL-017975,0.15465018457906057
POL-017976,0.08400192795160946
POL-017977,0.10984790527495461
POL-017978,0.10657748401764429
POL-017979,0.10816872620394202
POL-017980,0.061516750159938516
POL-017981,0.09293025985632744
POL-017982,0.08785423473311006
POL-017983,0.07022901515828218
POL-017984,0.07322324152610263
POL-017985,0.1010242787651778
POL-017986,0.049877008017378245
POL-017987,0.15779799439856418
POL-017988,0.08411904000121329
POL-017989,0.11096491693929197
POL-017990,0.015433471034608928
POL-017991,0.11294653655164262
POL-017992,0.07562913388580654
POL-017993,0.033916142043802444
POL-017994,0.10039222687649665
POL-017995,0.061406475633545364
POL-017996,0.1114369931313361
POL-017997,0.10528458003965638
POL-017998,0.05450446069990148
POL-017999,0.058260215098449385
POL-018000,0.08555267805304576
